x coordinate,y coordinate,z coordinate
0.5218712099935214,-0.7478280448029897,-0.41037014460854165
0.5218712099935214,-0.7478280448029897,-0.41037014460854165
0.5109244176742821,-0.7560655598758388,-0.4090490295720433
0.4998808387652493,-0.7641598502276348,-0.4076504266346716
0.4887425652986392,-0.7721093825224618,-0.4061746007397411
0.4775117072450615,-0.7799126508465397,-0.40462183145924074
0.46619039211381846,-0.7875681769934954,-0.4029924129408723
0.45478076454988237,-0.7950745107443861,-0.40128665385232976
0.44328498592762594,-0.8024302301424203,-0.3995048773228266
0.4317052339413838,-0.8096339417623256,-0.3976474208818838
0.4200437021929231,-0.8166842809743105,-0.39571463639539095
0.4200437021929231,-0.8166842809743105,-0.39571463639539095
0.42461568964044705,-0.817564463848909,-0.3889599768133136
0.42915909908599204,-0.8183896220048363,-0.3821791389734415
0.43367362474348514,-0.8191596999062933,-0.37537257924797623
0.4381589627708257,-0.8198746457245605,-0.36854075574028533
0.44261481129033436,-0.8205344113414837,-0.36168412825407026
0.44704087040907037,-0.8211389523527144,-0.35480315826241965
0.45143684223901565,-0.8216882280706975,-0.3478983088767513
0.45580243091712347,-0.8221822015274105,-0.3409700448156432
0.46013734262523065,-0.8226208394768499,-0.3340188323735559
0.46013734262523065,-0.8226208394768499,-0.3340188323735559
0.46556459351071255,-0.8196838260503848,-0.3337184960121443
0.47097407318950846,-0.8167155242250747,-0.33340542118124805
0.476365575174736,-0.8137160473048645,-0.333079619831341
0.4817388936657449,-0.8106855097836939,-0.33274110439868493
0.48709382355597236,-0.8076240273411256,-0.3323898878048546
0.4924301604407726,-0.8045317168379306,-0.3320259834562448
0.497747700625219,-0.801408696311627,-0.33164940524355824
0.5030462411318792,-0.7982550849719738,-0.3312601675412754
0.5083255797085638,-0.7950710031964222,-0.3308582852071064
0.5083255797085638,-0.7950710031964222,-0.3308582852071064
0.5090586493566482,-0.7975674925629178,-0.32364391902534606
0.5097617777379553,-0.800017071458296,-0.316410517101962
0.5104349234966323,-0.802419595805847,-0.3091585048834466
0.5110780470403129,-0.8047749242964651,-0.30188830891089247
0.5116911105424444,-0.8070829183969604,-0.29460035679490476
0.5122740779445142,-0.8093434423582061,-0.28729507719045055
0.5128269149581693,-0.8115563632231232,-0.27997289977164647
0.5133495890672344,-0.8137215508345009,-0.27263425520648693
0.5138420695296229,-0.8158388778426521,-0.2652795751315131
0.5138420695296229,-0.8158388778426521,-0.2652795751315131
0.5119679537192627,-0.8172333312756512,-0.26461008411738995
0.5100908147234601,-0.8186229589224029,-0.263939030573135
0.5082106636267745,-0.8200077525771159,-0.26326641846133847
0.5063275115315522,-0.8213877040625442,-0.26259225175379436
0.5044413695578601,-0.8227628052300344,-0.2619165344314763
0.5025522488434208,-0.824133047959575,-0.26123927048451445
0.5006601605435461,-0.8254984241598431,-0.26056046391217186
0.49876511583107175,-0.8268589257682533,-0.25988011872282074
0.4968671258962913,-0.8282145447510045,-0.259198238933919
0.4968671258962913,-0.8282145447510045,-0.259198238933919
0.48736075563279285,-0.8334124622421358,-0.2605823509920293
0.47779624070270993,-0.8385109493027608,-0.26193537422375973
0.46817472220229417,-0.8435093976569215,-0.263257147206419
0.45849734802861963,-0.8484072109637973,-0.26454751224563305
0.44876527274263134,-0.8532038048888511,-0.2658063153941581
0.43897965743140144,-0.8578986071735427,-0.26703340647024815
0.4291416695696045,-0.8624910577036027,-0.2682286390755713
0.41925248288023187,-0.8669806085758571,-0.26939187061267705
0.4093132771945611,-0.8713667241635951,-0.27052296230200806
0.4093132771945611,-0.8713667241635951,-0.27052296230200806
0.40945425624924475,-0.874946344432946,-0.2584881165601288
0.4095306762138856,-0.8783880109773796,-0.2464125147207435
0.40954252503926636,-0.8816911811456549,-0.2342980607568956
0.4094898008571699,-0.8848553341234023,-0.2221466647674848
0.40937251198067454,-0.8878799710152415,-0.2099602426760991
0.4091906769028426,-0.890764614923442,-0.19774071592892972
0.4089443242938052,-0.893508811023117,-0.18549001119181416
0.4086334929962412,-0.8961121266339354,-0.17321006004645692
0.40825823201925354,-0.8985741512883432,-0.16090279868587495
0.40825823201925354,-0.8985741512883432,-0.16090279868587495
0.3991477933716985,-0.9026042595449502,-0.161203566020781
0.38999770644544984,-0.9065447100210888,-0.16148832063053079
0.380808880139924,-0.9103951113026479,-0.16175703422978646
0.37158222720261025,-0.9141550809203132,-0.1620096801266014
0.3623186641384051,-0.9178242453875566,-0.16224623322507092
0.353019111118574,-0.9214022402377378,-0.16246667002782558
0.3436844918893481,-0.924888710060306,-0.1626709686383651
0.33431573368016687,-0.928283308536105,-0.16285910876323323
0.324913767111574,-0.9315856984717723,-0.16303107171403383
0.324913767111574,-0.9315856984717723,-0.16303107171403383
0.2810125936787842,-0.9470577237880449,-0.1552855112601638
0.23648569222865484,-0.9604209448544645,-0.14719417806418864
0.1914322103808635,-0.9716456059162671,-0.1387750890192735
0.14595246828655292,-0.9807067131295133,-0.13004699082935395
0.10014773524642309,-0.987584090214637,-0.12102931826603235
0.05412000421536206,-0.9922624233827738,-0.1117421508933602
0.00797176469572125,-0.9947312954348245,-0.10220616835686779
-0.038194225475064625,-0.9949852089573316,-0.09244260433639774
-0.0842751689343581,-0.9930235985635166,-0.08247319926527626
-0.0842751689343581,-0.9930235985635166,-0.08247319926527626
-0.08816587795744912,-0.9927027969555173,-0.08226745942768636
-0.09205523955383621,-0.9923668240103901,-0.08206046230809277
-0.09594319428295357,-0.9920156848627627,-0.08185221107000337
-0.09982968272573622,-0.9916493848790445,-0.08164270889609244
-0.10371464548552833,-0.9912679296573473,-0.0814319589881523
-0.10759802318899081,-0.9908713250273975,-0.0812199645670441
-0.1114797564870088,-0.9904595770504473,-0.08100672887264874
-0.11535978605559863,-0.9900326920191838,-0.08079225516381731
-0.11923805259681453,-0.9895906764576303,-0.08057654671832135
-0.11923805259681453,-0.9895906764576303,-0.08057654671832135
-0.13702942985914648,-0.9877444572400741,-0.0747249793843375
-0.15477227369947227,-0.9855483962503766,-0.06884694577254319
-0.17246029991352593,-0.9830032712948444,-0.06294452777940507
-0.19008724371248373,-0.9801099838121223,-0.05701981593791018
-0.20764686194184268,-0.976869558553919,-0.05107490867713586
-0.22513293529263617,-0.9732831432220579,-0.04511191157902295
-0.24253927050420476,-0.9693520080619821,-0.03913293663261557
-0.2598597025577397,-0.9650775454128543,-0.03314010148603161
-0.27708809685982533,-0.9604612692144157,-0.02713552869642894
-0.27708809685982533,-0.9604612692144157,-0.02713552869642894
-0.2807400496714817,-0.9594790705845045,-0.02418548367823148
-0.28438554427191143,-0.9584747998686458,-0.021234882291384816
-0.2880244967992851,-0.9574484801693229,-0.018283792412228737
-0.2916568235422688,-0.9564001350962393,-0.015332281928340416
-0.29528244094194944,-0.9553297887657761,-0.012380418736972714
-0.29890126559375785,-0.9542374658004361,-0.009428270743492277
-0.30251321424938615,-0.9531231913282779,-0.006475905859817395
-0.3061182038187039,-0.9519869909823376,-0.003523392002855733
-0.3097161513716694,-0.9508288909000404,-0.0005707970929420096
-0.3097161513716694,-0.9508288909000404,-0.0005707970929420096
-0.2829170705196504,-0.959136990092003,-0.0037637010817865805
-0.25589238879964893,-0.9666802639693198,-0.0069536038581934625
-0.22866365595994192,-0.9734526974508536,-0.010137961762164287
-0.201252584461186,-0.9794488901312176,-0.013314235555236755
-0.17368103216268616,-0.9846640605871103,-0.016479892445298506
-0.14597098489272345,-0.9890940501900709,-0.01963240810626054
-0.11814453891683752,-0.9927353264226105,-0.022769268690979824
-0.09022388331804668,-0.9955849856950758,-0.025887972835825838
-0.06223128230305333,-0.9976407556610012,-0.028986033655292637
-0.06223128230305333,-0.9976407556610012,-0.028986033655292637
-0.067879842509219,-0.9973434059141157,-0.026428349561723664
-0.07352578687081204,-0.997007622145598,-0.023869647014778714
-0.07916889781347802,-0.9966334172953446,-0.021310024617635447
-0.08480895787205217,-0.9962208057838623,-0.018749581008919228
-0.09044574969893991,-0.9957698035117126,-0.01618841485890198
-0.09607905607249242,-0.9952804278588974,-0.013626624865699728
-0.10170865990537784,-0.9947526976841919,-0.011064309751469204
-0.10733434425294672,-0.9941866333244154,-0.008501568258603372
-0.11295589232159259,-0.9935822565936492,-0.00593849914592633
-0.11295589232159259,-0.9935822565936492,-0.00593849914592633
-0.12587356856224668,-0.9920462766506226,-0.00017239792111922812
-0.13876575873875419,-0.9903094336087589,0.005593738209701313
-0.15162985252402592,-0.9883720791327775,0.011358741756672367
-0.16446324527974782,-0.9862346054856529,0.017121445459249214
-0.17726333858375137,-0.9838974454491922,0.022880682522544764
-0.19002754075612507,-0.9813610722364089,0.028635286853574526
-0.2027532673839611,-0.9786259993957078,0.03438409329735962
-0.2154379418446305,-0.9756927807069068,0.0401259378728398
-0.22807899582748092,-0.9725620100691105,0.04585965800854881
-0.22807899582748092,-0.9725620100691105,0.04585965800854881
-0.21224659715426059,-0.9763685261332343,0.040692544438199474
-0.19635225357411587,-0.9798900856501808,0.035513554607351554
-0.18040060390645263,-0.983125660840568,0.030324200022183896
-0.16439630369565744,-0.9860743073905331,0.025125995213864903
-0.14834402385236095,-0.9887351647273342,0.019920457296531344
-0.132248449290216,-0.9911074562705113,0.014709105524513322
-0.11611427755858998,-0.993190489658534,0.009493460848934668
-0.0999462174715679,-0.994983656950869,0.004275045473818032
-0.08374898773366934,-0.9964864348054114,-0.0009446175881756974
-0.08374898773366934,-0.9964864348054114,-0.0009446175881756974
-0.04950829163288274,-0.9987736501165437,-0.0003534012885058768
-0.01520927445957862,-0.9998843039153346,0.000238231320058777
0.01910765933272887,-0.9998170878447666,0.0008295832906608825
0.05340208418463817,-0.9985720810857855,0.0014199580070363084
0.08763360105241796,-0.9961507502640228,0.0020086600041324203
0.12176188499832977,-0.9925559477221014,0.0025949957873701995
0.1557467326936533,-0.9877919081595604,0.003178274649585131
0.1895481097784546,-0.9818642436443511,0.0037578094846844926
0.2231261980223094,-0.9747799370017871,0.004332917597062568
0.2231261980223094,-0.9747799370017871,0.004332917597062568
0.22861375745660883,-0.9735117440660257,0.0032609917352795148
0.23409380220880577,-0.9722115511694522,0.002188958682588521
0.239566152146284,-0.9708794010502482,0.0011168536774095474
0.245030627389361,-0.96951533749705,4.471196052768193e-05
0.25048704831720037,-0.968119405347509,-0.0010274312260652495
0.2559352355737163,-0.9666916504868178,-0.002099540640329115
0.26137501007346925,-0.9652321198462026,-0.0031715810413338943
0.2668061930075522,-0.9637408614013796,-0.004243517190418091
0.2722286058494687,-0.962217924170979,-0.005315313852347013
0.2722286058494687,-0.962217924170979,-0.005315313852347013
0.2624021997534465,-0.96495547601659,0.002452523221232587
0.25253265690331267,-0.9675343971527917,0.01021995712025326
0.24262159977038644,-0.969954263626252,0.017985710942743552
0.23267065765059153,-0.9722146776309114,0.025748508062922705
0.22268146639661474,-0.9743152675733794,0.033507072341067416
0.21265566814898396,-0.9762556881340211,0.041260128333298625
0.20259491106611488,-0.9780356203237248,0.04900640150125401
0.19250084905336665,-0.9796547715363411,0.056744618421611444
0.18237514149115408,-0.9811128755967857,0.0644735069954295
0.18237514149115408,-0.9811128755967857,0.0644735069954295
0.16942659410429017,-0.9833016220389784,0.06642702240606754
0.1564481816014765,-0.9853170402199789,0.06836882861168471
0.14344219170971534,-0.9871587748785724,0.07029858332677506
0.13041091701712257,-0.9888265013690357,0.07221594639016952
0.11735665456880923,-0.9903199257183639,0.07412057982499672
0.1042817054619775,-0.9916387846780886,0.07601214789825866
0.09118837444030214,-0.9927828457706824,0.07789031718001108
0.07807896948766965,-0.9937519073305368,0.07975475660213759
0.06495580142134584,-0.9945457985395103,0.08160513751670768
0.06495580142134584,-0.9945457985395103,0.08160513751670768
0.07232614281813181,-0.9941435875331687,0.0802960548952116
0.07969241967350005,-0.9936855082386913,0.07898245984393448
0.08705421802181926,-0.9931715863989458,0.07766442618350722
0.09441112414913858,-0.9926018508950044,0.07634202798399894
0.10176272461643728,-0.9919763337445235,0.07501533956075467
0.10910860628285884,-0.9912950700999423,0.07368443547021875
0.11644835632892875,-0.9905580982465091,0.07234939050574515
0.1237815622797534,-0.9897654596001276,0.07101027969339416
0.13110781202820038,-0.9889171987050321,0.06966717828771615
0.13110781202820038,-0.9889171987050321,0.06966717828771615
0.1318821094438765,-0.9888128024795902,0.06968752299439937
0.13265632629950222,-0.9887078022388692,0.06970782513253115
0.13343046212214815,-0.9886021980470089,0.06972808468970997
0.13420451643893408,-0.988495989968517,0.06974830165356029
0.13497848877702978,-0.9883891780682709,0.06976847601173258
0.13575237866365514,-0.9882817624115166,0.06978860775190339
0.13652618562608015,-0.9881737430638685,0.06980869686177527
0.13729990919162577,-0.9880651200913103,0.06982874332907678
0.1380735488876637,-0.9879558935601946,0.06984874714156257
0.1380735488876637,-0.9879558935601946,0.06984874714156257
0.14309329014734498,-0.9868173935647699,0.0756025268945727
0.1481045030517986,-0.9856200792862405,0.08135180073955041
0.15310688893290594,-0.9843640220844969,0.08709622601997
0.1581001496486385,-0.9830492968205056,0.0928354603682801
0.16308398760082746,-0.9816759818518476,0.09856916172630865
0.1680581057529002,-0.9802441590280481,0.10429698836564968
0.17302220764758414,-0.978753913685699,0.11001859890803023
0.17797599742457507,-0.9772053346433721,0.11573365234565651
0.18291917983817071,-0.9755985141963258,0.12144180806153795
0.18291917983817071,-0.9755985141963258,0.12144180806153795
0.17842686610899602,-0.9761549920169266,0.12363367264204185
0.17393003910426266,-0.9766867781721799,0.1258224099309829
0.16942881257040263,-0.9771938592106498,0.1280079645646441
0.16492330036513345,-0.9776762223058133,0.1301902812598133
0.16041361645457777,-0.9781338552563819,0.13236930481518128
0.15589987491038082,-0.9785667464866123,0.13454498011273824
0.15138218990682495,-0.9789748850465986,0.1367172521191679
0.14686067571794162,-0.9793582606125493,0.1388860658872398
0.1423354467146208,-0.979716863487048,0.14105136655719883
0.1423354467146208,-0.979716863487048,0.14105136655719883
0.14338521850523608,-0.9800485690468479,0.1376425857917331
0.144433150400286,-0.9803676987844337,0.13423203881922144
0.14547922895288068,-0.9806742486047857,0.1308197694032423
0.14652344073991203,-0.9809682145743063,0.12740582132947617
0.14756577236222593,-0.9812495929208727,0.12399023840514375
0.14860621044479422,-0.9815183800338844,0.12057306445844401
0.14964474163688637,-0.981774572464309,0.11715434333799159
0.1506813526122409,-0.9820181669247277,0.11373411891225413
0.1517160300692359,-0.9822491602893757,0.11031243506898958
0.1517160300692359,-0.9822491602893757,0.11031243506898958
0.1586758911153374,-0.9810384010024991,0.11129068845692731
0.16562768149567392,-0.9797777435680121,0.11226328131292809
0.17257104762422668,-0.978467252106209,0.11323016416840653
0.1795056363434561,-0.9771069932720715,0.11419128784520269
0.1864310949422641,-0.975697036251878,0.11514660345808321
0.1933470711739344,-0.9742374527596851,0.11609606241722799
0.20025321327404816,-0.9727283170336801,0.11703961643070139
0.20714916997837618,-0.9711697058324053,0.11797721750690865
0.2140345905407444,-0.9695616984308526,0.11890881795703663
0.2140345905407444,-0.9695616984308526,0.11890881795703663
0.21102189105162145,-0.9698677777459654,0.12176311094540686
0.20800553728982255,-0.9701570618304896,0.12461529535818314
0.20498558148964,-0.9704295456748834,0.1274653218039989
0.20196207594774268,-0.9706852245605356,0.13031314092885718
0.19893507302227037,-0.9709240940598469,0.13315870341698532
0.19590462513192736,-0.971146150036307,0.13600195999168888
0.19287078475507435,-0.9713513886445656,0.138842861416205
0.1898336044288198,-0.971539806330499,0.14168135849455493
0.18679313674811035,-0.9717113998312722,0.14451740207239616
0.18679313674811035,-0.9717113998312722,0.14451740207239616
0.18302022081802666,-0.9718942101256074,0.14807174982435325
0.17924238133247308,-0.9720508748113698,0.15162211419419808
0.1754597199217623,-0.9721813896740127,0.15516839967108587
0.17167233834592485,-0.972285751202464,0.1587105108539009
0.167880338491972,-0.972363956589221,0.1622483524538231
0.1640838223711543,-0.9724160037304258,0.16578182929689148
0.1602828921162177,-0.9724418912259214,0.16931084632656435
0.15647764997865593,-0.9724416183792907,0.17283530860627677
0.15266819832595954,-0.972415185197873,0.1763551213219941
0.15266819832595954,-0.972415185197873,0.1763551213219941
0.1565441216133021,-0.9716623690320257,0.1771049931407772
0.160417516427974,-0.9708938587492748,0.17785200439136792
0.16428832020759468,-0.9701096667624616,0.1785961430081742
0.1681564704316333,-0.9693098057377142,0.179337396972002
0.17202190462241884,-0.9684942885942454,0.18007575431024986
0.1758845603461493,-0.9676631285041422,0.18081120309710197
0.17974437521389974,-0.9668163388921536,0.18154373145372105
0.18360128688263044,-0.9659539334354742,0.18227332754844
0.18745523305619344,-0.9650759260635229,0.18299997959695305
0.18745523305619344,-0.9650759260635229,0.18299997959695305
0.1852082506744088,-0.9650984371666875,0.18515644860643163
0.18295947181053016,-0.9651115870126996,0.18731112163628558
0.18070891827725194,-0.9651153754740089,0.18946397778662805
0.1784566119044823,-0.9651098025138677,0.19161499617519526
0.1762025745391318,-0.9650948681863324,0.19376415593754948
0.17394682804490114,-0.9650705726362633,0.19591143622728124
0.17168939430206923,-0.9650369160993221,0.19805681621621157
0.169430295207281,-0.9649938989019704,0.20020027509459404
0.16716955267333491,-0.964941521461466,0.20234179207131656
0.16716955267333491,-0.964941521461466,0.20234179207131656
0.16858922970610365,-0.9636739179485454,0.2071478976306702
0.1700044018741255,-0.9623805641509354,0.21194846800095482
0.17141503136265257,-0.9610614946282813,0.21674337490635895
0.17282108047832181,-0.9597167446273767,0.22153249022240457
0.174222511650162,-0.9583463500812218,0.22631568597937016
0.17561928743059776,-0.9569503476080642,0.2310928343657106
0.17701137049645033,-0.9555287745104191,0.23586380773147236
0.1783987236499346,-0.954081668774073,0.2406284785917041
0.17978130981965326,-0.9526090690670692,0.2453867196298636
0.17978130981965326,-0.9526090690670692,0.2453867196298636
0.18464161219779276,-0.9520019142670377,0.24413076470797268
0.18949719354860528,-0.9513704181118854,0.24286856770447393
0.19434792972167872,-0.9507145967480843,0.2416001608919763
0.19919369669048542,-0.9500344669440677,0.24032557670186488
0.20403437055555323,-0.9493300460898019,0.23904484772347157
0.20886982754763367,-0.9486013521963411,0.23775800670324196
0.21369994403086617,-0.9478484038953673,0.23646508654389803
0.2185245965059397,-0.9470712204387136,0.23516612030359674
0.22334366161325014,-0.9462698216978721,0.2338611411950849
0.22334366161325014,-0.9462698216978721,0.2338611411950849
0.22219266610973729,-0.9464520608761657,0.23421980187488312
0.22104134028588573,-0.9466328930216772,0.23457811435433065
0.21988968585330182,-0.946812317865574,0.23493607810074607
0.2187377045240801,-0.9469903351411161,0.2352936925819664
0.21758539801080132,-0.9471669445836565,0.23565095726634802
0.2164327680265295,-0.9473421459306401,0.23600787162276712
0.21527981628480966,-0.947515938921606,0.23636443512062089
0.21412654449966512,-0.9476883232981866,0.23672064722982794
0.2129729543855949,-0.9478592988041088,0.2370765074208295
0.2129729543855949,-0.9478592988041088,0.2370765074208295
0.2108604481464221,-0.9466453066680612,0.24372224923224955
0.20873737730459493,-0.9453838853834579,0.2503557799877612
0.20660384823093844,-0.9440750981504622,0.2569767673319264
0.20445996782025963,-0.9427190105423814,0.2635848795377612
0.20230584348599184,-0.9413156905023833,0.2701797855233566
0.2001415831548129,-0.939865208340091,0.2767611548684658
0.19796729526123788,-0.9383676367280601,0.28332865783105965
0.19578308874218617,-0.9368230506981383,0.289881965363847
0.19358907303152367,-0.9352315276377063,0.2964207491307616
0.19358907303152367,-0.9352315276377063,0.2964207491307616
0.19557990453006174,-0.935381743374724,0.29463451105611876
0.19756933242569455,-0.9355252462312151,0.29284615850117335
0.19955734244105144,-0.9356620351773135,0.29105570430025424
0.20154392030893753,-0.9357921092313372,0.2892631613027733
0.20352905177243574,-0.9359154674597936,0.2874685423731327
0.2055127225850094,-0.9360321089773876,0.2856718603906328
0.20749491851060434,-0.9361420329470274,0.28387312824937994
0.20947562532375105,-0.9362452385798298,0.28207235885819315
0.21145482880966693,-0.9363417251351277,0.2802695651405127
0.21145482880966693,-0.9363417251351277,0.2802695651405127
0.2072889014933489,-0.9365273763261276,0.28275039294293697
0.2031180937830218,-0.9366909779883595,0.2852245636917813
0.1989425038758627,-0.9368325262699986,0.287692019135359
0.19476223008164026,-0.9369520178384426,0.29015270118008846
0.1905773708204004,-0.9370494498803915,0.29260655189186013
0.18638802462014883,-0.937124820101913,0.29505351349740105
0.1821942901145313,-0.9371781267284959,0.2974935283856345
0.17799626604051164,-0.9372093685050933,0.2999265391090371
0.1737940512360468,-0.937218544696151,0.30235248838499074
0.1737940512360468,-0.937218544696151,0.30235248838499074
0.15680971007759287,-0.9385211814180662,0.3075527708459534
0.13977562768034074,-0.9395261120465321,0.3126554952168581
0.1226972073854471,-0.9402330178098713,0.3176590428745258
0.10557986659838864,-0.9406416744721713,0.3225618266553888
0.08842903507051986,-0.9407519524044149,0.3273622913589516
0.07125015317671421,-0.9405638166255991,0.33205891424111217
0.054048670189635564,-0.9400773268138307,0.33665020549718805
0.036830042551187395,-0.9392926372873978,0.34113470873449386
0.01959973214168781,-0.938209996955816,0.34551100143432
0.01959973214168781,-0.938209996955816,0.34551100143432
0.00016609262953968737,-0.9393130510467975,0.34306116735416115
-0.0192676108091303,-0.9400545778595278,0.3404792942589275
-0.03869389843803755,-0.9404342919916383,0.33776637587222574
-0.05810529337512962,-0.9404520472969458,0.3349234563549982
-0.07749432447032421,-0.940107836941704,0.331951629903641
-0.09685352918104081,-0.9394017934072326,0.3288520403288647
-0.11617545644441998,-0.9383341884389285,0.3256258806154591
-0.1354526695451234,-0.9369054329416732,0.32227439246313133
-0.15467774897761274,-0.9351160768216837,0.31879886580859457
-0.15467774897761274,-0.9351160768216837,0.31879886580859457
-0.1554926570332724,-0.9344889578171736,0.3202380697645281
-0.1563070786050562,-0.9338589151131215,0.3216762718039701
-0.15712101114491478,-0.9332259506807176,0.3231134674272735
-0.15793445210632875,-0.9325900665002931,0.3245496521379397
-0.1587473989443169,-0.9319512645613146,0.325984821442633
-0.15955984911544369,-0.931309546862377,0.32741897085119465
-0.1603718000778277,-0.9306649154111981,0.3288520958766568
-0.1611832492911493,-0.9300173722246107,0.33028419203525633
-0.1619941942166586,-0.9293669193285586,0.3317152548464494
-0.1619941942166586,-0.9293669193285586,0.3317152548464494
-0.15462754631183195,-0.9271090461167865,0.34140758417177847
-0.14723719296188179,-0.924709040839024,0.3510475734131808
-0.1398242671577917,-0.9221672714322587,0.3606337446953271
-0.13238990535105458,-0.919484127566873,0.3701646283935437
-0.12493524727944708,-0.9166600205869073,0.3796387633591163
-0.1174614357923,-0.9136953834469979,0.3890546971432939
-0.10996961667529193,-0.9105906706460014,0.3984109862199588
-0.10246093847479236,-0.9073463581573176,0.4077061962069291
-0.09493655232178207,-0.9039629433559194,0.41693890208585893
-0.09493655232178207,-0.9039629433559194,0.41693890208585893
-0.10538626004696018,-0.904552210408018,0.4131331926138206
-0.11582289702500592,-0.9050292885162735,0.4092762434499074
-0.12624516883060435,-0.9053941185100941,0.4053685329601532
-0.1366517828201105,-0.905646655140692,0.40141054580636915
-0.14704144829187227,-0.9057868670866929,0.397402772886033
-0.15741287664631193,-0.9058147369580224,0.39334571127140416
-0.16776478154574806,-0.9057302612980628,0.3892398641478737
-0.17809587907393565,-0.9055334505840815,0.38508574075155555
-0.1884048878953064,-0.9052243292259305,0.38088385630612714
-0.1884048878953064,-0.9052243292259305,0.38088385630612714
-0.1920979714869039,-0.9052124524061022,0.3790630361292859
-0.195787798173885,-0.9051852282580732,0.37723578916853473
-0.19947430539747582,-0.9051426572434129,0.375402146403738
-0.20315743065518188,-0.905084740083887,0.37356213892319656
-0.20683711150184791,-0.9050114777614452,0.3717157979231216
-0.21051328555071655,-0.9049228715182062,0.3698631547071051
-0.21418589047448608,-0.9048189228564352,0.3680042406855894
-0.2178548640063672,-0.9046996335385188,0.3661390873753344
-0.22152014394113845,-0.9045650055869346,0.36426772639888344
-0.22152014394113845,-0.9045650055869346,0.36426772639888344
-0.22124789787849575,-0.9045577682051195,0.364451110115096
-0.22097562796535491,-0.9045504333120801,0.3646344545435205
-0.22070333423106664,-0.9045430009086075,0.3648177596643925
-0.22043101670498416,-0.9045354709955028,0.36500102545795177
-0.2201586754164633,-0.9045278435735778,0.3651842519044422
-0.21988631039486242,-0.9045201186436547,0.365367438984112
-0.21961392166954238,-0.9045122962065663,0.3655505866772137
-0.21934150926986667,-0.9045043762631553,0.36573369496400376
-0.2190690732252014,-0.9044963588142764,0.36591676382474353
-0.2190690732252014,-0.9044963588142764,0.36591676382474353
-0.2200037800033925,-0.9025882977744307,0.37004418858412086
-0.22093374569818028,-0.9006607859487916,0.374163638887964
-0.22185895026879582,-0.898713864875256,0.3782750259620825
-0.22277937377707244,-0.89674757650999,0.3823782612060486
-0.22369499638787538,-0.8947619632265253,0.38647325619510653
-0.22460579836952932,-0.8927570678148461,0.390559922682078
-0.22551176009424348,-0.8907329334804657,0.39463817259926426
-0.2264128620385347,-0.8886896038434973,0.3987079180603435
-0.2273090847836481,-0.8866271229377123,0.402769071362265
-0.2273090847836481,-0.8866271229377123,0.402769071362265
-0.22649768269482087,-0.8879242108784225,0.4003615809113221
-0.22568443763495,-0.889214073938992,0.3979508327899614
-0.2248693562212646,-0.8904967016240358,0.39553684661400806
-0.22405244508593616,-0.8917720834970427,0.39311964202563504
-0.22323371087602403,-0.893040209180459,0.3906992386932026
-0.2224131602534219,-0.8943010683557732,0.38827565631109895
-0.22159079989480296,-0.8955546507636004,0.3858489145995795
-0.22076663649156608,-0.8968009462037649,0.38341903330460636
-0.2199406767497811,-0.8980399445353844,0.3809860321976883
-0.2199406767497811,-0.8980399445353844,0.3809860321976883
-0.22637707211939878,-0.8967555066169757,0.38024069031441887
-0.2328035900912716,-0.8954319410133476,0.3794787575789847
-0.23921995026035003,-0.8940693054749774,0.37870026723641637
-0.24562587266479485,-0.892667659457061,0.3779052532541943
-0.2520210777981926,-0.8912270641169191,0.3770937503207665
-0.2584052866217512,-0.8897475823113288,0.37626579384403525
-0.26477822057647515,-0.8882292785937809,0.37542141994981204
-0.2711396015953194,-0.8866722192116635,0.3745606654802414
-0.27748915211532266,-0.8850764721033709,0.37368356799219327
-0.27748915211532266,-0.8850764721033709,0.37368356799219327
-0.27054562644775076,-0.887643928982794,0.37268394028987717
-0.2635870033496893,-0.8901618521007838,0.3716635154674711
-0.2566136711376301,-0.8926301009480678,0.37062235046839337
-0.24962601894888717,-0.8950485377873778,0.36956050339343993
-0.2426244367198809,-0.8974170276611376,0.36847803349754166
-0.2356093151643791,-0.8997354383989931,0.3673750011864578
-0.22858104575169302,-0.9020036406251883,0.3662514680134055
-0.22154002068483225,-0.9042215077657848,0.36510749667562437
-0.2144866328786182,-0.9063889160557251,0.36394315101087804
-0.2144866328786182,-0.9063889160557251,0.36394315101087804
-0.21653882739720856,-0.9016817213895414,0.37427397657523825
-0.21856220165007595,-0.8968545172676844,0.3845549880919849
-0.22055648633593927,-0.8919079461675669,0.39478481720844294
-0.2225214160251974,-0.8868426664537659,0.4049621023840655
-0.22445672919525667,-0.8816593522903976,0.4150854890716489
-0.2263621682653383,-0.8763586935513914,0.4251536298976168
-0.22823747963076085,-0.8709413957286678,0.43516518484134803
-0.2300824136966941,-0.8654081798382436,0.4451188214135278
-0.23189672491137883,-0.8597597823242668,0.4550132148334949
-0.23189672491137883,-0.8597597823242668,0.4550132148334949
-0.22729359400575241,-0.8640199757276551,0.4492294554763047
-0.22267391841435819,-0.8682172771738016,0.44341299673657797
-0.21803803440307876,-0.8723513811414101,0.43756426199396403
-0.21338627941760674,-0.8764219867093246,0.43168367697748056
-0.20871899205888175,-0.8804287975784335,0.4257716697345243
-0.2040365120584437,-0.8843715220932367,0.41982867059971374
-0.19933918025370417,-0.888249873263076,0.4138551121635654
-0.1946273385631364,-0.8920635687830247,0.40785142924100515
-0.18990132996138742,-0.8958123310544366,0.4018180588397183
-0.18990132996138742,-0.8958123310544366,0.4018180588397183
-0.18731160252912,-0.8945908099889281,0.4057359316616328
-0.18471746418408547,-0.8933482226254872,0.40964424999905796
-0.1821189760144268,-0.8920845982252189,0.413542921816845
-0.1795161992107189,-0.8907999665446193,0.41743185530700594
-0.17690919506452762,-0.8894943578348754,0.42131095889087666
-0.17429802496696667,-0.8881678028411524,0.42518014122127246
-0.1716827504072517,-0.8868203328018691,0.4290393111846399
-0.16906343297125223,-0.8854519794479633,0.4328883779032016
-0.16644013434004196,-0.8840627750021441,0.43672725073709734
-0.16644013434004196,-0.8840627750021441,0.43672725073709734
-0.1645933037095647,-0.881214185833965,0.44313722824759305
-0.16273781332249548,-0.8783192332950854,0.4495238909545884
-0.1608737608018526,-0.8753780696978027,0.4558869028362448
-0.15900124422113437,-0.8723908497857202,0.46222592911506644
-0.15712036209915933,-0.8693577307256046,0.46854063627551296
-0.15523121339488255,-0.8662788720991166,0.4748306920815473
-0.15333389750218934,-0.8631544358944154,0.4810957655941155
-0.15142851424466564,-0.8599845864976359,0.4873355271885582
-0.14951516387034622,-0.8567694906842397,0.4935496485719535
-0.14951516387034622,-0.8567694906842397,0.4935496485719535
-0.14867616701998046,-0.8547294029174317,0.49732589430740937
-0.14783432660326948,-0.8526729676766936,0.5010926282347257
-0.14698965872117375,-0.8506002242932121,0.5048497783117043
-0.1461421795287315,-0.8485112124100814,0.5085972726794477
-0.14529190523474977,-0.8464059719815461,0.5123350396637321
-0.14443885210149454,-0.8442845432722353,0.5160630077763784
-0.14358303644437956,-0.842146966856395,0.5197811057166205
-0.14272447463165433,-0.8399932836171101,0.523489262372468
-0.14186318308409104,-0.8378235347455227,0.527187406822066
-0.14186318308409104,-0.8378235347455227,0.527187406822066
-0.1469578586803357,-0.8415148069543755,0.5198617291632819
-0.1520388309319447,-0.8451276106313699,0.5124875760809879
-0.15710562605470207,-0.8486616088942568,0.5050656351910897
-0.16215777158636324,-0.8521164722091374,0.4975965985655513
-0.1671947964307107,-0.8554918784211909,0.4900811626678613
-0.17221623090148191,-0.8587875127847137,0.4825200282880908
-0.17722160676616633,-0.8620030679924688,0.47491390047754606
-0.18221045728966648,-0.8651382442043419,0.46726348848302535
-0.1871823172778193,-0.8681927490752991,0.45956950568068355
-0.1871823172778193,-0.8681927490752991,0.45956950568068355
-0.17687664858080174,-0.867855081078596,0.4642652360805132
-0.16654827410265424,-0.8674060059081274,0.46890136842191465
-0.15619851970415155,-0.8668455812119925,0.47347730756128326
-0.14582871399062416,-0.8661738789323079,0.4779924660820584
-0.13544018814140382,-0.8653909852959727,0.4824462643701309
-0.12503427573893974,-0.8644970008035996,0.48683813068824766
-0.1146123125976051,-0.8634920402166135,0.4911675012494073
-0.1041756365922179,-0.8623762325425194,0.4954338202892327
-0.09372558748629703,-0.861149721018342,0.4996365401373158
-0.09372558748629703,-0.861149721018342,0.4996365401373158
-0.09071583470602895,-0.8603881222858322,0.5015006643695057
-0.08770489231426604,-0.8596152407645613,0.5033582121207876
-0.08469279979531323,-0.8588310865897909,0.5052091590320167
-0.08167959664855776,-0.8580356700446081,0.5070534808306089
-0.07866532238795121,-0.8572290015597903,0.5088911533308591
-0.07565001654149131,-0.8564110917136684,0.5107221524342589
-0.07263371865070362,-0.8555819512319872,0.5125464541298117
-0.06961646827012294,-0.854741590987767,0.5143640344943485
-0.06659830496677467,-0.8538900220011586,0.5161748696928407
-0.06659830496677467,-0.8538900220011586,0.5161748696928407
-0.07973340277218385,-0.8512172238077949,0.5187213340275557
-0.09285365747708789,-0.8483859637607359,0.5211712336525327
-0.10595662662634917,-0.8453967689248755,0.5235241124966004
-0.11903987098269406,-0.8422501957661089,0.5257795325498918
-0.13210095498079905,-0.8389468300477425,0.5279370739453829
-0.14513744718069363,-0.835487286721449,0.5299963350370553
-0.1581469207203948,-0.831872209812787,0.5319569324746654
-0.17112695376768977,-0.828102272301311,0.5338185012751094
-0.18407512997098213,-0.8241781759952905,0.5355806948903683
-0.18407512997098213,-0.8241781759952905,0.5355806948903683
-0.17264148118328065,-0.8274647157638286,0.5343192520775731
-0.16118312379034094,-0.830632828032381,0.5329813370092095
-0.1497016977226569,-0.8336820593778489,0.5315671411688944
-0.138198846212332,-0.8366119733914786,0.5300768669576181
-0.1266762155578985,-0.8394221507413213,0.5285107276647761
-0.11513545488869781,-0.8421121892322485,0.5268689474376436
-0.10357821592885535,-0.8446817038635133,0.5251517612492942
-0.09200615276088438,-0.847130326883853,0.5233594148649714
-0.0804209215889524,-0.8494577078441222,0.5214921648069141
-0.0804209215889524,-0.8494577078441222,0.5214921648069141
-0.09970973243825884,-0.8470773057101454,0.5220325731292443
-0.11896085135557068,-0.8443766943105305,0.5223756444839165
-0.13816700109876404,-0.8413568945211609,0.5225212491842703
-0.15732092142480858,-0.8380190478764241,0.5224693321893153
-0.1764153718342594,-0.8343644161376912,0.5222199131245361
-0.19544313430828625,-0.8303943808163512,0.5217730862744744
-0.214397016037204,-0.8261104426515767,0.5211290205470879
-0.23326985213947415,-0.8215142210430194,0.5202879594098996
-0.25205450837014853,-0.8166074534386499,0.5192502207979637
-0.25205450837014853,-0.8166074534386499,0.5192502207979637
-0.21557866021381492,-0.8273194608888597,0.5187179878267104
-0.17879118925083037,-0.8368355632706206,0.5174359387323468
-0.14174527242802135,-0.8451420048878469,0.5154059267397543
-0.10449446028032378,-0.8522267786307086,0.5126308862675534
-0.06709259952252858,-0.8580796433321256,0.5091148286863482
-0.029593755212892175,-0.8626921385715566,0.5048628365202196
0.007947867398871405,-0.8660575969046875,0.49988105609984484
0.045478001226247594,-0.8681711535013428,0.4941766886778674
0.0829423957899649,-0.8690297531776836,0.487757980019357
0.0829423957899649,-0.8690297531776836,0.487757980019357
0.05488606160887552,-0.8667320199914371,0.49574502091562966
0.026782732319461024,-0.8636921645983071,0.5033075899099908
-0.0013435291565542448,-0.8599127898145513,0.510439211701814
-0.02946864026221313,-0.8553971316553286,0.5171337799805205
-0.057568519425540574,-0.8501490565639238,0.5233855626539864
-0.08561910667891472,-0.8441730581011828,0.5291892067565344
-0.11359638425993976,-0.837474253097989,0.5345397430323043
-0.14147639717618216,-0.8300583772740778,0.5394325901900815
-0.16923527371615976,-0.8219317803269398,0.5438635588259357
-0.16923527371615976,-0.8219317803269398,0.5438635588259357
-0.13783596532432962,-0.8265795788573487,0.5456807184417706
-0.1062973294899926,-0.8303918536659216,0.5469462927094204
-0.07465124611808215,-0.833364751226491,0.5476590023602593
-0.042929703723723484,-0.8354952664727601,0.5478181269726421
-0.011164767097581102,-0.8367812458358843,0.5474235057001213
0.020611455105893836,-0.8372213894213457,0.5464755374340355
0.05236684282455567,-0.8368152523229108,0.5449751804003005
0.08406929705618651,-0.835563245072353,0.5429239511908146
0.11568677230483114,-0.8334666332244774,0.5403239232304575
0.11568677230483114,-0.8334666332244774,0.5403239232304575
0.07471970328668866,-0.8395670256247469,0.5380930917828006
0.03362407960631421,-0.8442229495561552,0.5349364753999698
-0.007529394038748513,-0.8474263945381724,0.5308595050156415
-0.04866991342054608,-0.8491718490688849,0.5258691950253183
-0.08972669659883363,-0.8494563101074917,0.5199741312181165
-0.1306291057008456,-0.8482792882410108,0.513184456004983
-0.17130676845320197,-0.8456428085263132,0.5055118509687572
-0.21168969925685055,-0.8415514070060262,0.49696951676609985
-0.2517084195967407,-0.8360121229043078,0.48757215041586677
-0.2517084195967407,-0.8360121229043078,0.48757215041586677
-0.25769451690500195,-0.8289704781658489,0.4963884389131065
-0.2636385726246882,-0.8217935909852829,0.5051237440864759
-0.2695396170124461,-0.8144826322363321,0.5137766408140493
-0.27539668734200845,-0.8070387946658327,0.5223457174184324
-0.28120882806125863,-0.7994632926991454,0.5308295758970699
-0.28697509094812435,-0.7917573622420265,0.5392268321503234
-0.2926945352652751,-0.7839222604789977,0.54753611620728
-0.29836622791359907,-0.7759592656682409,0.5557560724492567
-0.30398924358443347,-0.7678696769330582,0.5638853598309621
-0.30398924358443347,-0.7678696769330582,0.5638853598309621
-0.3264408810177414,-0.7611234310401941,0.5604707609875583
-0.34870930437414516,-0.753950006644462,0.5567415994190881
-0.37078201556021795,-0.7463534298112398,0.5526999681075708
-0.3926466263254684,-0.7383379640990858,0.5483481354078392
-0.41429086521521274,-0.7299081081668287,0.54368854377443
-0.43570258445789734,-0.721068593248707,0.538723808390764
-0.45686976678300195,-0.7118243804989759,0.5334567157013805
-0.4777805321657019,-0.7021806582074732,0.5278902218480536
-0.49842314449449954,-0.6921428388877056,0.5220274510106644
-0.49842314449449954,-0.6921428388877056,0.5220274510106644
-0.49842314449449954,-0.6921428388877056,0.5220274510106644
-0.49842314449449954,-0.6921428388877056,0.5220274510106644
-0.49842314449449954,-0.6921428388877056,0.5220274510106644
-0.49842314449449954,-0.6921428388877056,0.5220274510106644
-0.49842314449449954,-0.6921428388877056,0.5220274510106644
-0.49842314449449954,-0.6921428388877056,0.5220274510106644
-0.49842314449449954,-0.6921428388877056,0.5220274510106644
-0.49842314449449954,-0.6921428388877056,0.5220274510106644
-0.49842314449449954,-0.6921428388877056,0.5220274510106644
-0.49842314449449954,-0.6921428388877056,0.5220274510106644
-0.49842314449449954,-0.6921428388877056,0.5220274510106644
-0.49842314449449954,-0.6921428388877056,0.5220274510106644
-0.49842314449449954,-0.6921428388877056,0.5220274510106644
-0.49842314449449954,-0.6921428388877056,0.5220274510106644
-0.49842314449449954,-0.6921428388877056,0.5220274510106644
-0.49842314449449954,-0.6921428388877056,0.5220274510106644
-0.49842314449449954,-0.6921428388877056,0.5220274510106644
-0.49842314449449954,-0.6921428388877056,0.5220274510106644
-0.49842314449449954,-0.6921428388877056,0.5220274510106644
-0.49842314449449954,-0.6921428388877056,0.5220274510106644
-0.5095098827766946,-0.6847047509162799,0.5211325008340609
-0.5205057742018443,-0.6771447919471628,0.5201429320498174
-0.5314088498985691,-0.6694643156302099,0.5190589218453561
-0.5422171576146275,-0.661664697194533,0.5178806643183252
-0.5529287620664761,-0.6537473332022583,0.5166083704418449
-0.5635417452857927,-0.6457136412984642,0.5152422680267315
-0.5740542069628978,-0.6375650599573448,0.5137826016807058
-0.5844642647870155,-0.6293030482246439,0.5122296327645965
-0.594770054783311,-0.6209290854564056,0.5105836393455413
-0.594770054783311,-0.6209290854564056,0.5105836393455413
-0.594770054783311,-0.6209290854564056,0.5105836393455413
-0.594770054783311,-0.6209290854564056,0.5105836393455413
-0.594770054783311,-0.6209290854564056,0.5105836393455413
-0.594770054783311,-0.6209290854564056,0.5105836393455413
-0.594770054783311,-0.6209290854564056,0.5105836393455413
-0.594770054783311,-0.6209290854564056,0.5105836393455413
-0.594770054783311,-0.6209290854564056,0.5105836393455413
-0.594770054783311,-0.6209290854564056,0.5105836393455413
-0.594770054783311,-0.6209290854564056,0.5105836393455413
-0.594770054783311,-0.6209290854564056,0.5105836393455413
-0.594770054783311,-0.6209290854564056,0.5105836393455413
-0.594770054783311,-0.6209290854564056,0.5105836393455413
-0.594770054783311,-0.6209290854564056,0.5105836393455413
-0.594770054783311,-0.6209290854564056,0.5105836393455413
-0.594770054783311,-0.6209290854564056,0.5105836393455413
-0.594770054783311,-0.6209290854564056,0.5105836393455413
-0.594770054783311,-0.6209290854564056,0.5105836393455413
-0.594770054783311,-0.6209290854564056,0.5105836393455413
-0.594770054783311,-0.6209290854564056,0.5105836393455413
-0.594770054783311,-0.6209290854564056,0.5105836393455413
-0.594770054783311,-0.6209290854564056,0.5105836393455413
-0.594770054783311,-0.6209290854564056,0.5105836393455413
-0.594770054783311,-0.6209290854564056,0.5105836393455413
-0.594770054783311,-0.6209290854564056,0.5105836393455413
-0.594770054783311,-0.6209290854564056,0.5105836393455413
-0.594770054783311,-0.6209290854564056,0.5105836393455413
-0.594770054783311,-0.6209290854564056,0.5105836393455413
-0.594770054783311,-0.6209290854564056,0.5105836393455413
-0.594770054783311,-0.6209290854564056,0.5105836393455413
-0.594770054783311,-0.6209290854564056,0.5105836393455413
-0.594770054783311,-0.6209290854564056,0.5105836393455413
-0.594770054783311,-0.6209290854564056,0.5105836393455413
-0.594770054783311,-0.6209290854564056,0.5105836393455413
-0.594770054783311,-0.6209290854564056,0.5105836393455413
-0.594770054783311,-0.6209290854564056,0.5105836393455413
-0.594770054783311,-0.6209290854564056,0.5105836393455413
-0.594770054783311,-0.6209290854564056,0.5105836393455413
-0.594770054783311,-0.6209290854564056,0.5105836393455413
-0.594770054783311,-0.6209290854564056,0.5105836393455413
-0.594770054783311,-0.6209290854564056,0.5105836393455413
-0.594770054783311,-0.6209290854564056,0.5105836393455413
-0.594770054783311,-0.6209290854564056,0.5105836393455413
-0.594770054783311,-0.6209290854564056,0.5105836393455413
-0.594770054783311,-0.6209290854564056,0.5105836393455413
-0.594770054783311,-0.6209290854564056,0.5105836393455413
-0.594770054783311,-0.6209290854564056,0.5105836393455413
-0.594770054783311,-0.6209290854564056,0.5105836393455413
-0.594770054783311,-0.6209290854564056,0.5105836393455413
-0.594770054783311,-0.6209290854564056,0.5105836393455413
-0.594770054783311,-0.6209290854564056,0.5105836393455413
-0.594770054783311,-0.6209290854564056,0.5105836393455413
-0.594770054783311,-0.6209290854564056,0.5105836393455413
-0.594770054783311,-0.6209290854564056,0.5105836393455413
-0.594770054783311,-0.6209290854564056,0.5105836393455413
-0.594770054783311,-0.6209290854564056,0.5105836393455413
-0.594770054783311,-0.6209290854564056,0.5105836393455413
-0.594770054783311,-0.6209290854564056,0.5105836393455413
-0.594770054783311,-0.6209290854564056,0.5105836393455413
-0.594770054783311,-0.6209290854564056,0.5105836393455413
-0.594770054783311,-0.6209290854564056,0.5105836393455413
-0.5607247175858239,-0.651422402742574,0.5111131423602789
-0.525517791509962,-0.6805662233977204,0.5105493770211312
-0.4892228459097339,-0.708299647698469,0.5088935213875436
-0.45191572369445276,-0.7345647231241752,0.5061490355806592
-0.4136743828453228,-0.7593065654560957,0.502321654552955
-0.3745787335123135,-0.7824734734649484,0.49741937610432774
-0.33471047103172785,-0.8040170369472159,0.4914524441696744
-0.29415290521339693,-0.823892237884426,0.4844333274128851
-0.25299078625422744,-0.8420575445140335,0.47637669317198283
-0.25299078625422744,-0.8420575445140335,0.47637669317198283
-0.27503858283943444,-0.8347863563766751,0.4769544183221699
-0.2969410172196695,-0.8270727618884978,0.4772595508051039
-0.3186862647890971,-0.818920925436565,0.47729192588698033
-0.34026258580332,-0.8103352480044026,0.4770515260892591
-0.361658331717389,-0.8013203647960111,0.4765384811981
-0.382861951474577,-0.7918811427334298,0.47575306819429464
-0.40386199774252085,-0.7820226778291997,0.4746957111037313
-0.424647133093365,-0.7717502924351475,0.4733669807684726
-0.4452061361245707,-0.761069532368974,0.4717675945385723
-0.4452061361245707,-0.761069532368974,0.4717675945385723
-0.4521148938351554,-0.7584068001709897,0.4694797633837222
-0.45899628739623494,-0.755700388472003,0.4671609262553387
-0.46584990223395595,-0.7529504603214769,0.46481122285321286
-0.47267532544801205,-0.7501571813905505,0.46243079473669374
-0.4794721458365184,-0.7473207199620576,0.46001978531615995
-0.4862399539207858,-0.7444412469203884,0.45757833984437996
-0.49297834196998885,-0.7415189357411951,0.45510660540776127
-0.4996869040257309,-0.7385539624809397,0.4526047309174886
-0.5063652359265007,-0.7355465057662882,0.45007286710055333
-0.5063652359265007,-0.7355465057662882,0.45007286710055333
-0.5081804234627207,-0.735136775484404,0.44869430410876876
-0.5099927258296826,-0.7347233940712287,0.4473130378216955
-0.5118021332404888,-0.7343063637591281,0.4459290756985257
-0.5136086359238752,-0.7338856868001727,0.44454242521300985
-0.5154122241242641,-0.7334613654661261,0.44315309385341617
-0.5172128881018166,-0.7330334020484321,0.4417610891224902
-0.5190106181324855,-0.7326017988582034,0.44036641853741454
-0.5208054045080676,-0.7321665582262075,0.4389690896297681
-0.5225972375362559,-0.7317276825028552,0.43756910994548515
-0.5225972375362559,-0.7317276825028552,0.43756910994548515
-0.5179065868518725,-0.7342545684168956,0.4389111482457143
-0.5132003330411761,-0.7367599897277918,0.4402387258099175
-0.5084786184839067,-0.7392438706382637,0.4415518024744831
-0.503741586027544,-0.7417061360027006,0.4428503385145002
-0.4989893789829839,-0.7441467113294327,0.4441342946449592
-0.4942221411202044,-0.7465655227829858,0.4454036320219416
-0.48944001666391507,-0.7489624971863151,0.44665831224379426
-0.4846431502891945,-0.7513375620230183,0.4478982973522914
-0.47983168711711294,-0.7536906454395302,0.44912354983378316
-0.47983168711711294,-0.7536906454395302,0.44912354983378316
-0.4787939234169328,-0.7555300894712893,0.44713606743645196
-0.47775170021642027,-0.7573632697652362,0.44514513425492985
-0.47670502631739786,-0.7591901708397273,0.4431507671031207
-0.4756539105592754,-0.7610107772661491,0.441152982823929
-0.47459836181897547,-0.7628250736690478,0.439151798289118
-0.4735383890108577,-0.7646330447262589,0.4371472303991663
-0.4724740010866447,-0.7664346751690374,0.43513929608312646
-0.47140520703534516,-0.7682299497821857,0.4331280122984808
-0.4703320158831791,-0.7700188534041834,0.43111339603099885
-0.4703320158831791,-0.7700188534041834,0.43111339603099885
-0.49197960129640506,-0.7557682927336835,0.43216936449342747
-0.5132992659784468,-0.7410131697540867,0.4329241801944051
-0.5342766616056763,-0.7257634147941696,0.43337733513626325
-0.5548976702045785,-0.710029291074422,0.4335285243417022
-0.5751484136532725,-0.6938213877998104,0.4333776460590444
-0.5950152630216115,-0.6771506130331488,0.4329248018307138
-0.6144848477435725,-0.6600281863538743,0.43217029642489674
-0.6335440646157682,-0.6424656313071722,0.4311146376304307
-0.6521800866160166,-0.6244747676485264,0.4297585359150574
-0.6521800866160166,-0.6244747676485264,0.4297585359150574
-0.6517500500665572,-0.6276147582845356,0.42581872601107384
-0.6513017306806301,-0.6307397166039098,0.42186901463706183
-0.6508351400012751,-0.6338495621472273,0.4179095034876557
-0.6503502900419695,-0.6369442148441801,0.413940294509808
-0.6498471932863196,-0.6400235950156367,0.40996148990016473
-0.6493258626877371,-0.6430876233756918,0.40597319210243415
-0.6487863116691082,-0.6461362210337095,0.4019755038047489
-0.6482285541224463,-0.6491693094963531,0.3979685279370223
-0.6476526044085346,-0.652186810669607,0.39395236766829794
-0.6476526044085346,-0.652186810669607,0.39395236766829794
-0.6396439837388037,-0.6582780679980669,0.3968948969935176
-0.6315652813315804,-0.6642992364009803,0.3997897196447724
-0.6234173866413554,-0.6702496529556394,0.40263651690590246
-0.6152011967405987,-0.6761286625290219,0.4054349753482804
-0.6069176162209927,-0.6819356178499196,0.4081847868653186
-0.5985675570938382,-0.6876698795802031,0.41088564870639255
-0.5901519386896437,-0.6933308163852109,0.41353726351017195
-0.5816716875569068,-0.69891780500326,0.4161393393373607
-0.5731277373601036,-0.7044302303142644,0.41869158970283854
-0.5731277373601036,-0.7044302303142644,0.41869158970283854
-0.5836810905955802,-0.696163340879531,0.4179389755653497
-0.5941300720562931,-0.687772362005384,0.41710746281974953
-0.6044727970979964,-0.6792588071417339,0.416197201442925
-0.6147074002415228,-0.67062421184707,0.4152083556153633
-0.6248320355092527,-0.6618701335114976,0.41414110369153906
-0.634844876758066,-0.6529981510758377,0.41299563816774526
-0.6447441180087186,-0.6440098647468385,0.4117721656473736
-0.6545279737715782,-0.6349068957085529,0.4104709068036498
-0.6641946793686682,-0.6256908858299308,0.409092096339832
-0.6641946793686682,-0.6256908858299308,0.409092096339832
-0.6532099355465056,-0.6366906261788137,0.4098070602605207
-0.6420679739292146,-0.6475373678043244,0.4104193881281566
-0.6307714934042835,-0.6582284833293215,0.41092893162020216
-0.6193232302879027,-0.6687613830735561,0.4113355673113035
-0.6077259576621513,-0.6791335156809637,0.41163919670318727
-0.5959824847032834,-0.6893423687376723,0.41183974624852004
-0.5840956560012674,-0.6993854693805779,0.4119371673687233
-0.5720683508707493,-0.7092603848963392,0.41193143646574015
-0.5599034826536029,-0.7189647233106471,0.41182255492775194
-0.5599034826536029,-0.7189647233106471,0.41182255492775194
-0.5666376680049656,-0.7120627325025463,0.4145942814112512
-0.5733140495763761,-0.7050888668301742,0.41732564075370143
-0.5799319550965982,-0.6980438285196168,0.4200163579237399
-0.5864907181825803,-0.6909283269636135,0.42266616198242485
-0.5929896784065559,-0.6837430786501266,0.42527478611051706
-0.5994281813625457,-0.6764888070901952,0.42784196763534776
-0.6058055787322504,-0.6691662427450813,0.430367448057267
-0.6121212283503344,-0.6617761229527171,0.4328509730756739
-0.6183744942690872,-0.6543191918534608,0.435292292614623
-0.6183744942690872,-0.6543191918534608,0.435292292614623
-0.6237037339357626,-0.6474082333388147,0.4380139628821345
-0.6289798590027775,-0.6404430394354882,0.4407006355877989
-0.634202428320026,-0.6334241925208859,0.44335208609214405
-0.639371005215334,-0.6263522794584762,0.44596809270071575
-0.6444851575309694,-0.6192278915487219,0.4485484366826125
-0.6495444576597764,-0.6120516244796401,0.45109290228877497
-0.6545484825809291,-0.6048240782769946,0.4536012767700254
-0.6594968138953001,-0.5975458572541267,0.4560733503948556
-0.6643890378604453,-0.5902175699614275,0.4585089164669637
-0.6643890378604453,-0.5902175699614275,0.4585089164669637
-0.6645691392741345,-0.5915077990895683,0.45658118964830446
-0.6647452662987514,-0.5927951233314689,0.45465115493952113
-0.6649174179725096,-0.5940795356573645,0.45271882288006454
-0.6650855933553302,-0.5953610290533912,0.45078420402193076
-0.6652497915288481,-0.5966395965216246,0.4488473089296033
-0.6654100115964177,-0.5979152310801187,0.4469081481799961
-0.6655662526831156,-0.5991879257629428,0.44496673236239476
-0.6657185139357473,-0.6004576736202205,0.4430230720783997
-0.665866794522851,-0.601724467718167,0.4410771779418677
-0.665866794522851,-0.601724467718167,0.4410771779418677
-0.6551257475321458,-0.6173057970037871,0.43559592273800807
-0.6441257176902128,-0.6326469920172694,0.4299533036291026
-0.6328709774396777,-0.6477420941951886,0.424151512224333
-0.6213658981534067,-0.6625852405572705,0.41819280195584957
-0.6096149484366542,-0.6771706659835908,0.412079487203532
-0.5976226923914434,-0.6914927054537635,0.4058139423960777
-0.5853937878438564,-0.7055457962472514,0.39939860108876707
-0.5729329845349211,-0.7193244801039422,0.3928359550182636
-0.5602451222757988,-0.7328234053441518,0.3861285531348165
-0.5602451222757988,-0.7328234053441518,0.3861285531348165
-0.5669550526732302,-0.7273097521017386,0.3867589594902919
-0.5736221755665306,-0.7217411086552067,0.3873594864921782
-0.5802459854160792,-0.7161178972511453,0.3879300886050628
-0.5868259799664983,-0.7104405442737999,0.38847072256261
-0.5933616602847389,-0.704709480212742,0.38898134737084245
-0.5998525307979116,-0.6989251396302255,0.38946192431124876
-0.6062980993308648,-0.6930879611282381,0.38991241694372
-0.6126978771435031,-0.6871983873152417,0.39033279110931274
-0.6190513789678479,-0.6812568647726124,0.39072301493283873
-0.6190513789678479,-0.6812568647726124,0.39072301493283873
-0.6300509170413552,-0.6727782240489046,0.38782122579993
-0.6409242924856895,-0.6641671958995574,0.3848350129505478
-0.6516693138109848,-0.6554255158464445,0.3817649782451937
-0.6622838153966876,-0.6465549457438633,0.3786117404383638
-0.6727656579280308,-0.6375572734234383,0.3753759350538417
-0.6831127288272039,-0.6284343123337909,0.37205821425660995
-0.6933229426791361,-0.6191879011750451,0.36865924672140926
-0.7033942416518048,-0.609819903528244,0.36517971749796935
-0.7133245959109827,-0.6003322074797518,0.3616203278729395
-0.7133245959109827,-0.6003322074797518,0.3616203278729395
-0.7102303423632543,-0.604050700022873,0.36151848166928136
-0.7071194940930324,-0.6077550752341397,0.3614080652126764
-0.7039921239331174,-0.6114452463847894,0.36128908108825203
-0.7008483051031288,-0.6151211270786124,0.3611615320817268
-0.6976881112077908,-0.6187826312539754,0.36102542117934444
-0.6945116162352095,-0.6224296731858346,0.3608807515678041
-0.6913188945551398,-0.6260621674877447,0.3607275266341864
-0.688110020917245,-0.6296800291138566,0.3605657499658731
-0.6848850704493465,-0.6332831733609087,0.3603954253504639
-0.6848850704493465,-0.6332831733609087,0.3603954253504639
-0.6829490306721603,-0.6393859198088295,0.3532226876266371
-0.6809448327272537,-0.6454327024826827,0.3460213307701769
-0.6788726629968195,-0.6514229590564692,0.33879202447774837
-0.6767327141841477,-0.6573561324608851,0.33153544104519955
-0.6745251852957046,-0.6632316709351274,0.32425225530504065
-0.672250281622627,-0.6690490280782052,0.31694314456368744
-0.6699082147216305,-0.6748076628997532,0.30960878853847446
-0.6674992023953352,-0.6805070398703409,0.30224986929444425
-0.6650234686720115,-0.686146628971275,0.2948670711809178
-0.6650234686720115,-0.686146628971275,0.2948670711809178
-0.6753329188601436,-0.6747399139683069,0.29774401287329233
-0.685476268568973,-0.6631679250589545,0.30055047563058146
-0.6954510357119706,-0.651433493919007,0.30328577270889845
-0.705254779454907,-0.6395394919740091,0.30594923477866
-0.7148851008131297,-0.6274888296966212,0.3085402100883723
-0.7243396432385943,-0.6152844558944236,0.311058064624115
-0.7336160931965148,-0.6029293569883407,0.31350218226468496
-0.7427121807314875,-0.5904265562818616,0.3158719649323615
-0.7516256800229512,-0.5777791132212351,0.3181668327392571
-0.7516256800229512,-0.5777791132212351,0.3181668327392571
-0.7326787746872959,-0.6054175314037012,0.3108881242372925
-0.7128626377204943,-0.6323437354955257,0.3032626912789558
-0.6922005768488851,-0.6585260549144263,0.2952995028931201
-0.6707168947739088,-0.6839336940347486,0.2870079253763548
-0.648436860587286,-0.70853676840926,0.27839771127629315
-0.6253866800495299,-0.7323063399192149,0.2694789879206936
-0.6015934647667494,-0.7552144508113494,0.2602622455056835
-0.577085200301997,-0.7772341565817721,0.2507583247571978
-0.5518907132586695,-0.7983395576680692,0.24097840418012514
-0.5518907132586695,-0.7983395576680692,0.24097840418012514
-0.573644876804137,-0.783192174758519,0.23987824560263674
-0.5949965851447752,-0.767496322621878,0.2385968533488267
-0.6159308039263851,-0.7512630531607252,0.23713512968397069
-0.6364327927612178,-0.7345037966886914,0.23549410384989647
-0.6564881156071065,-0.7172303538820453,0.233674931340265
-0.6760826509323021,-0.699454887470497,0.23167889308695416
-0.6952026016588498,-0.6811899136730684,0.22950739455811742
-0.7138345048775103,-0.6624482933850622,0.22716196476855316
-0.7319652413273829,-0.643243223122335,0.2246442552030815
-0.7319652413273829,-0.643243223122335,0.2246442552030815
-0.724743769398285,-0.6632972606905538,0.18650258089041052
-0.716025477191587,-0.6821874194770969,0.14808052106793385
-0.7058271413944972,-0.6998773489814576,0.10945201164698029
-0.6941683867552636,-0.7163330083150089,0.07069138581167661
-0.6810716483190974,-0.7315227317061871,0.03187323097894022
-0.6665621282562146,-0.7454172894352179,-0.00692775473075001
-0.6506677473650775,-0.7579899440811263,-0.045636906235611605
-0.6334190913441524,-0.769216501972793,-0.08417973517123878
-0.614849351935579,-0.779075359745051,-0.12248207322922434
-0.614849351935579,-0.779075359745051,-0.12248207322922434
-0.6112838580651145,-0.7765985352407996,-0.15240328057783015
-0.6070854333087538,-0.7734709621747511,-0.1821810839159736
-0.6022579569532489,-0.7696955303814188,-0.21178796896277274
-0.5968058895203818,-0.765275728307873,-0.24119657936349703
-0.590734268645502,-0.7602156397904637,-0.2703797419664631
-0.5840487044228221,-0.7545199402814117,-0.2993104919306525
-0.5767553742217664,-0.748193892528756,-0.3279620976408553
-0.5688610169791677,-0.7412433417136454,-0.3563080854073143
-0.5603729269725826,-0.7336747100494733,-0.3843222639270503
-0.5603729269725826,-0.7336747100494733,-0.3843222639270503
-0.5603729269725826,-0.7336747100494733,-0.3843222639270503
-0.5603729269725826,-0.7336747100494733,-0.3843222639270503
-0.5603729269725826,-0.7336747100494733,-0.3843222639270503
-0.5603729269725826,-0.7336747100494733,-0.3843222639270503
-0.5603729269725826,-0.7336747100494733,-0.3843222639270503
-0.5603729269725826,-0.7336747100494733,-0.3843222639270503
-0.5603729269725826,-0.7336747100494733,-0.3843222639270503
-0.5603729269725826,-0.7336747100494733,-0.3843222639270503
-0.5603729269725826,-0.7336747100494733,-0.3843222639270503
-0.5603729269725826,-0.7336747100494733,-0.3843222639270503
-0.5603729269725826,-0.7336747100494733,-0.3843222639270503
-0.5603729269725826,-0.7336747100494733,-0.3843222639270503
-0.5603729269725826,-0.7336747100494733,-0.3843222639270503
-0.5603729269725826,-0.7336747100494733,-0.3843222639270503
-0.5603729269725826,-0.7336747100494733,-0.3843222639270503
-0.5603729269725826,-0.7336747100494733,-0.3843222639270503
-0.5603729269725826,-0.7336747100494733,-0.3843222639270503
-0.5603729269725826,-0.7336747100494733,-0.3843222639270503
-0.5603729269725826,-0.7336747100494733,-0.3843222639270503
