polar angle in radiants,azimuth angle in radiants
-5.934704410776698e-17,-5.282211401670286e-17
-5.934704410776698e-17,-5.282211401670286e-17
0.012863662794246201,-0.004895380832497347
0.02572794209411465,-0.009789951592914492
0.038593454115275684,-0.014682902187967015
0.05146081449330732,-0.019573422482158525
0.06433063799317396,-0.02446070227716813
0.07720353821813848,-0.029343931291829113
0.09008012731792078,-0.034222299142897226
0.10296101569592073,-0.039094995326804945
0.11584681171532367,-0.04396120920259911
0.11584681171532367,-0.04396120920259911
0.11076228125769148,-0.05040393723819724
0.10567444493948111,-0.056845363571386406
0.10058287764776823,-0.06328532049535784
0.095487153414535,-0.06972363985157823
0.09038684531944216,-0.07616015297785636
0.08528152539251695,-0.08259469065617873
0.0801707645167499,-0.0890270830602895
0.07505413233059588,-0.09545715970299194
0.06993119713037356,-0.10188474938314748
0.06993119713037356,-0.10188474938314748
0.06381107328175877,-0.10083640930166252
0.057692249940213845,-0.09978431865867662
0.0515747177433036,-0.0987285176343865
0.045458467143082736,-0.09766904651716636
0.03934348840770688,-0.09660594570205472
0.033229771623065354,-0.09553925568924995
0.02711730669443361,-0.09446901708261074
0.021006083348146524,-0.09339527058816542
0.014896091133291798,-0.0923180570126275
0.014896091133291798,-0.0923180570126275
0.013739352210073583,-0.09990037203114203
0.012580853674405725,-0.10748255406408844
0.01142045802157106,-0.11506459271671113
0.010258026869444695,-0.12264647752735021
0.009093420892195489,-0.13022819796238191
0.007926499753062916,-0.1378097434110875
0.00675712203614244,-0.14539110318044596
0.005585145177105518,-0.15297226648984394
0.004410425392783875,-0.1605532224656987
0.004410425392783875,-0.1605532224656987
0.006529393750377195,-0.16179041017299955
0.008649217800535437,-0.1630268837597529
0.010769904049061974,-0.16426263737912664
0.012891458996406393,-0.16549766517853753
0.015013889137591952,-0.16673196129961532
0.017137200962142687,-0.16796551987816738
0.019261400954008537,-0.16919833504414222
0.02138649559149222,-0.17043040092159475
0.023512491347172298,-0.17166171162865035
0.023512491347172298,-0.17166171162865035
0.0345415703558794,-0.17277439181529872
0.04557489365424856,-0.17386646361821678
0.056612410089506925,-0.1749377861898734
0.06765406638524281,-0.1759882211575897
0.07869980716377402,-0.17701763265163117
0.08974957496975798,-0.17802588733300884
0.10080331029504237,-0.17901285442097753
0.11186095160474828,-0.17997840572020937
0.12292243536457695,-0.18092241564762973
0.12292243536457695,-0.18092241564762973
0.12189356943236182,-0.19343845524070052
0.12085964585391096,-0.20595429415487904
0.11982030092781225,-0.21846991795553206
0.1187751637367089,-0.2309853119209523
0.11772385559292566,-0.2435004610202893
0.11666598946150811,-0.2560153498905759
0.11560116935873747,-0.26852996281277713
0.11452898972405531,-0.2810442836867761
0.11344903476319594,-0.2935582960052096
0.11344903476319594,-0.2935582960052096
0.12373320815363836,-0.2951301377354098
0.13402712253036977,-0.2966725187337281
0.14433065502222517,-0.2981852477725197
0.15464367818507202,-0.29966813667555603
0.16496606003928818,-0.30112100037331874
0.17529766411030867,-0.30254365695801055
0.1856383494722556,-0.3039359277382353
0.1959879707946601,-0.3052976372933047
0.20634637839228614,-0.30662861352712134
0.20634637839228614,-0.30662861352712134
0.25367047999723147,-0.3208021690683246
0.3014315729576578,-0.3342994168723826
0.34963050132634477,-0.3470832127214881
0.3982639272275599,-0.3591172469940214
0.4473241410721774,-0.3703662716225407
0.4967989204291885,-0.3807963450473936
0.5466714482799294,-0.3903750918163915
0.5969203008448019,-0.39907197257532395
0.6475195140083301,-0.4068585593276839
0.6475195140083301,-0.4068585593276839
0.6517761707886831,-0.4068270854533511
0.6560327000467148,-0.40678902726913324
0.6602890776535949,-0.40674438568047555
0.6645452794949211,-0.40669316174932535
0.6688012814730102,-0.406635356694047
0.6730570595091866,-0.40657097188932534
0.6773125895460661,-0.40650000886605653
0.6815678475498382,-0.40642246931122555
0.6858228095125415,-0.4063383550677727
0.6858228095125415,-0.4063383550677727
0.7057688014201757,-0.41071301265985183
0.7257896564244486,-0.41494149000586833
0.7458839189173874,-0.41902154687514204
0.7660499898976599,-0.42295099570313754
0.786286127438357,-0.4267277050896049
0.8065904476053868,-0.43034960331359073
0.8269609258431957,-0.4338146818519471
0.8473953988422224,-0.4371209988873364
0.8678915668999099,-0.44026668279117914
0.8678915668999099,-0.44026668279117914
0.8725466223511206,-0.44256664651470656
0.8772118182814316,-0.44485820586268987
0.8818871994708658,-0.4471412925787836
0.8865728100533115,-0.4494158381843873
0.891268693502632,-0.4516817739807637
0.8959748926186257,-0.45393903105125644
0.9006914495128328,-0.456187540263611
0.905418405594197,-0.45842723227240084
0.9101558015545801,-0.46065803752155715
0.9101558015545801,-0.46065803752155715
0.8786735993834457,-0.46235445057233626
0.847144353273662,-0.46365458472548166
0.8155803766124622,-0.46455663276093756
0.7839941756376129,-0.465059336467567
0.7523983805186494,-0.46516199310500983
0.720805675052814,-0.4648644590306034
0.6892287257589768,-0.4641671504423119
0.6576801111656913,-0.463071041227591
0.6261722520853784,-0.4615776579473339
0.6261722520853784,-0.4615776579473339
0.6326308081494848,-0.46384370478743947
0.639103969152167,-0.4660930237888836
0.6455917409726697,-0.4683254828032158
0.652094126854236,-0.4705409497416708
0.6586111273693716,-0.47273929259405656
0.6651427403854339,-0.4749203794480397
0.6716889610305781,-0.47708407850882817
0.6782497816600909,-0.4792302581192475
0.6848251918231466,-0.48135878678021293
0.6848251918231466,-0.48135878678021293
0.6999972515599303,-0.4860570762047658
0.7152440488738783,-0.4906598185654386
0.730565216173394,-0.4951654729608125
0.7459603031503378,-0.4995725082407536
0.7614287751535186,-0.5038794045050589
0.776970011681678,-0.5080846546496826
0.7925833050080273,-0.512186765958223
0.8082678589484473,-0.5161842617360297
0.824022787785461,-0.5200756829839764
0.824022787785461,-0.5200756829839764
0.8046364961684337,-0.517181060899719
0.7853157052812983,-0.5141254631199851
0.7660632137676769,-0.5109105846364186
0.7468816775006762,-0.5075381898214221
0.727773606543303,-0.5040101089157019
0.7087413626699347,-0.5003282344741329
0.6897871574382503,-0.49649451778565873
0.6709130507977555,-0.49251096528243105
0.6521209502180801,-0.48837963495279196
0.6521209502180801,-0.48837963495279196
0.6133230359307764,-0.4907782002767554
0.5744385898047552,-0.4925496273202186
0.5354933469968589,-0.4936900469274975
0.4965135730735144,-0.49419695622496346
0.4575258365621334,-0.4940692396752028
0.4185567760254829,-0.49330717851545064
0.37963286586438905,-0.4919124483749005
0.34078018509793684,-0.4898881051228315
0.3020241932679044,-0.48723855925482107
0.3020241932679044,-0.48723855925482107
0.2958142397311559,-0.4855850802999891
0.2896151661716791,-0.483915711224804
0.28342701274607457,-0.4822305440394239
0.2772498175575863,-0.4805296711195303
0.2710836166678169,-0.4788131851912631
0.2649284441089519,-0.4770811793163134
0.25878433189647587,-0.4753337468771764
0.2526513100423641,-0.4735709815625696
0.24652940656873215,-0.4717929773530207
0.24652940656873215,-0.4717929773530207
0.2568151141901814,-0.4807839975343474
0.2671975156497407,-0.48973122876658176
0.27767917284023197,-0.4986332868195745
0.2882626755097539,-0.5074887535016032
0.29895064031996077,-0.5162961757006767
0.30974570972917065,-0.5250540644243126
0.3206505506867226,-0.5337608938402318
0.331667853124303,-0.542415100320699
0.3428003282292475,-0.5510150814935519
0.3428003282292475,-0.5510150814935519
0.3579920926874181,-0.5540245479351412
0.3732395518465363,-0.5569303757789205
0.3885412891963294,-0.5597315138566862
0.403895814878258,-0.5624269382887456
0.4193015665405343,-0.5650156538869527
0.43475691038498343,-0.5674966955477329
0.45026014240866225,-0.5698691296307588
0.4658094898422859,-0.5721320553188536
0.4814031127865868,-0.5742846059546194
0.4814031127865868,-0.5742846059546194
0.47265117321768085,-0.572816965518609
0.4639159823411609,-0.57131450308038
0.4551978423575082,-0.5697774004745563
0.44649704774687055,-0.5682058426796038
0.4378138852058583,-0.5666000177327366
0.429148633591131,-0.564960116644456
0.42050156386970333,-0.5632863333128054
0.41187293907589334,-0.5615788644374271
0.4032630142748231,-0.5598379094335018
0.4032630142748231,-0.5598379094335018
0.4023410569841066,-0.5598145159919907
0.40141912694660714,-0.5597907400854353
0.40049722460197446,-0.5597665817454404
0.3995753503897112,-0.5597420410041173
0.39865350474917105,-0.5597171178940819
0.3977316881195552,-0.5596918124484556
0.39680990093991164,-0.5596661247008645
0.39588814364913183,-0.5596400546854403
0.3949664166859486,-0.5596136024368185
0.3949664166859486,-0.5596136024368185
0.38849637179861174,-0.5650577427297734
0.381981585746551,-0.5704828210159799
0.3754213669521589,-0.5758884738614393
0.36881501889506585,-0.5812743317746584
0.36216184025792303,-0.586640019104662
0.355461125086653,-0.5919851539390887
0.34871216296587393,-0.5973093480024998
0.3419142392102247,-0.6026122065550398
0.33506663507233797,-0.6078933282915938
0.33506663507233797,-0.6078933282915938
0.34032122491664507,-0.6104864740601824
0.3455948679056294,-0.6130666035614419
0.35088764116963195,-0.6156335977017349
0.3561996200549233,-0.6181873367842118
0.36153087807038264,-0.6207277005164488
0.36688148683347177,-0.6232545680184953
0.3722515160155177,-0.6257678178313411
0.3776410332863174,-0.6282673279258091
0.3830501042580817,-0.6307529757118842
0.3830501042580817,-0.6307529757118842
0.38210827799529173,-0.6272527106744429
0.38117121951131056,-0.6237520262528945
0.38023887046008725,-0.6202509276288019
0.3793111732883371,-0.6167494199121771
0.37838807122122237,-0.613247508142795
0.37746950824832787,-0.6097451972914811
0.37655542910992473,-0.606242492261372
0.37564577928351556,-0.6027393978891493
0.3747405049706538,-0.5992359189462476
0.3747405049706538,-0.5992359189462476
0.3661218215471774,-0.599712771154895
0.3574977206409521,-0.6001549924249359
0.34886860304446404,-0.6005625289007046
0.3402348719835449,-0.6009353308688173
0.33159693292711206,-0.6012733527841316
0.32295519339448187,-0.6015765532935983
0.3143100627604555,-0.6018448952579742
0.3056619520583823,-0.6020783457713704
0.29701127378141223,-0.6022768761786081
0.29701127378141223,-0.6022768761786081
0.30027834231274875,-0.6054525420654185
0.3035597938323752,-0.6086231909954893
0.30685576679545135,-0.6117887666076443
0.3101664006335294,-0.6149492119273343
0.31349183575584894,-0.6181044693591309
0.31683221355030905,-0.621254480679156
0.32018767638410844,-0.6243991870274531
0.3235583676040367,-0.6275385289002977
0.32694443153640473,-0.6306724461424486
0.32694443153640473,-0.6306724461424486
0.33115641507846266,-0.6345920358399242
0.335392749724146,-0.6385031065731142
0.3396537237943799,-0.6424055385474371
0.3439396280615259,-0.6462992103085654
0.3482507557450524,-0.6501839987176925
0.35258740250551207,-0.6540597789265868
0.3569498664367459,-0.6579264243524388
0.3613384480562294,-0.6617838066525089
0.36575345029347367,-0.6656317956985849
0.36575345029347367,-0.6656317956985849
0.3606765781513158,-0.666093117808014
0.35559607338502625,-0.6665419087382487
0.35051203034956824,-0.666978148054584
0.34542454403423883,-0.6674018158564521
0.3403337100473761,-0.6678128927814246
0.3352396246008168,-0.6682113600091233
0.3301423844941066,-0.6685971992650308
0.3250420870984692,-0.6689703928242048
0.31993883034054066,-0.6693309235148899
0.31993883034054066,-0.6693309235148899
0.3224795193540361,-0.6717261833283116
0.3250298973830015,-0.6741182866472557
0.32759003634963935,-0.6765072058235772
0.3301600085960805,-0.678892912961163
0.3327398868846499,-0.6812753799135369
0.3353297443980418,-0.6836545782814423
0.33792965473939945,-0.6860304794104141
0.3405396919322984,-0.6884030543883335
0.34315993042062803,-0.6907722740429671
0.34315993042062803,-0.6907722740429671
0.3405165586543216,-0.695524788509235
0.3378521396624161,-0.7002738381828452
0.3351663152437776,-0.7050193615020209
0.33245872034759805,-0.7097612956379425
0.32972898291200253,-0.7144995764618032
0.3269767236986225,-0.7192341385108986
0.3242015561230374,-0.7239649149537222
0.32140308608098284,-0.7286918375540278
0.3185809117702252,-0.7334148366338331
0.3185809117702252,-0.7334148366338331
0.3122132013155749,-0.7316386004969209
0.30586588379720836,-0.7298422720052341
0.2995390473701623,-0.7280259880021871
0.29323277515094565,-0.7261898856989567
0.28694714527063453,-0.7243341026387986
0.2806822309296211,-0.7224587766619402
0.2744381004539304,-0.7205640458710585
0.2682148173530106,-0.7186500485973508
0.26201244037891164,-0.7167169233672107
0.26201244037891164,-0.7167169233672107
0.2634813043719299,-0.7172274976491705
0.26495147577508565,-0.7177370022099983
0.2664229543480213,-0.7182454349963304
0.2678957398350896,-0.7187527939543675
0.2693698319652886,-0.7192590770298973
0.270845230452198,-0.7197642821683198
0.27232193499391566,-0.7202684073146715
0.27379994527299356,-0.7207714504136498
0.2752792609563746,-0.7212734094096371
0.2752792609563746,-0.7212734094096371
0.27657980771506746,-0.7282844416707349
0.27789671984616177,-0.7352946231594647
0.27923043803858766,-0.7423039308586343
0.28058141747433063,-0.7493123409887663
0.28195012844732986,-0.7563198289752848
0.28333705701380296,-0.7633263694140136
0.28474270567587295,-0.770331936034894
0.2861675941005006,-0.777336501663806
0.2876122598758585,-0.784340038182382
0.2876122598758585,-0.784340038182382
0.28522675362071154,-0.7822617274605144
0.2828510873921369,-0.7801805832084202
0.2804851931935571,-0.7780966288192696
0.278129003428406,-0.7760098874769222
0.2757824508999408,-0.7739203821578777
0.27344546881097365,-0.7718281356332073
0.27111799076352566,-0.769733170470475
0.2687999507584059,-0.7676355090356473
0.26649128319471554,-0.7655351734949865
0.26649128319471554,-0.7655351734949865
0.2717096592094775,-0.7686058943769295
0.27695904768569596,-0.7716629262817037
0.28223968340073147,-0.7747061033002262
0.28755179992461366,-0.777735257785885
0.29289562949592407,-0.7807502203501172
0.2982714028936562,-0.7837508198587134
0.3036793493049945,-0.7867368834288918
0.3091196961889562,-0.7897082364271699
0.31459266913584105,-0.792664702468073
0.31459266913584105,-0.792664702468073
0.3379677333664833,-0.7997308477666224
0.361678451855425,-0.8065199604376194
0.385720240385109,-0.8130242745741529
0.41008728166222436,-0.819236091150137
0.43477247415673714,-0.8251478105010969
0.459767388725454,-0.8307519666928268
0.48506223447156993,-0.8360412635559643
0.5106458352733941,-0.8410086121112366
0.536505618354472,-0.8456471690567445
0.536505618354472,-0.8456471690567445
0.565712801452197,-0.8427444265392681
0.5947167169600123,-0.8394208358641683
0.6234933093350733,-0.8356822946766177
0.6520200551536073,-0.8315353118263538
0.6802760633886109,-0.8269869561983006
0.7082421518195117,-0.8220448032152531
0.7359008998491775,-0.8167168798794257
0.7632366785328437,-0.8110116091844211
0.7902356590786984,-0.804937754675098
0.7902356590786984,-0.804937754675098
0.7918247619951148,-0.806322354164839
0.7934184581061198,-0.807705688489086
0.7950167692398565,-0.8090877504689906
0.7966197173146763,-0.8104685328809549
0.798227324339175,-0.8118480284563416
0.7998396124122173,-0.8132262298811855
0.8014566037229569,-0.8146031297959007
0.803078320550844,-0.8159787207949886
0.8047047852656246,-0.8173529954267436
0.8047047852656246,-0.8173529954267436
0.7967814328077695,-0.8285008292018832
0.7886634073123896,-0.839616621026375
0.7803419726319267,-0.8506988339907583
0.7718079341536701,-0.8617458411273207
0.7630516116038623,-0.8727559190364932
0.7540628103555299,-0.8837272410134944
0.7448307912091814,-0.8946578696346973
0.7353442386292193,-0.9055457487602951
0.7255912274368431,-0.9163886949068792
0.7255912274368431,-0.9163886949068792
0.7416368827997262,-0.9110988915745516
0.757462652446076,-0.9056861049253491
0.7730691056322645,-0.9001533759647149
0.7884571159606807,-0.8945037132443656
0.8036278396852354,-0.8887400889747602
0.818582694430455,-0.8828654355504394
0.8333233384325692,-0.8768826424711865
0.847851650393901,-0.870794553640564
0.862169710025818,-0.8646039650223575
0.862169710025818,-0.8646039650223575
0.8671293682358189,-0.8620418539522615
0.8720594029117167,-0.8594676605302479
0.876960006834493,-0.8568815192831957
0.881831374160964,-0.854283563436638
0.8866737003178132,-0.8516739249163336
0.8914871818986846,-0.8490527343503683
0.896272016564299,-0.8464201210717642
0.9010284029455503,-0.8437762131215775
0.905756540549538,-0.8411211372524614
0.905756540549538,-0.8411211372524614
0.9054259061730222,-0.8413645146254025
0.9050950917264347,-0.8416078376512697
0.9047640970637152,-0.8418511062738253
0.9044329220387248,-0.8420943204367684
0.9041015665052464,-0.8423374800837377
0.903770030316983,-0.8425805851583094
0.9034383133275599,-0.8428236356039984
0.9031064153905232,-0.8430666313642577
0.9027743363593407,-0.8433095723824781
0.9027743363593407,-0.8433095723824781
0.906058164121342,-0.8474087627699508
0.9093726004926828,-0.8515025529256546
0.9127181464478819,-0.8555908471539099
0.9160953123311247,-0.8596735477139009
0.9195046180453211,-0.8637505547680039
0.9229465932442406,-0.867821766328705
0.9264217775276987,-0.871887078204071
0.9299307206397625,-0.875946383941732
0.9334739826699356,-0.8799995747713382
0.9334739826699356,-0.8799995747713382
0.9309251084571496,-0.8776560906784594
0.9283905859427863,-0.8753094313218304
0.9258702856441857,-0.8729596295818983
0.9233640792653356,-0.8706067179457033
0.9208718396890467,-0.8682507285120333
0.9183934409690169,-0.865891692996518
0.9159287583217884,-0.8635296427366578
0.9134776681186143,-0.8611646086967932
0.9110400478772308,-0.8587966214730137
0.9110400478772308,-0.8587966214730137
0.9206243133000139,-0.8567163912624589
0.9301621810282209,-0.8545909176552251
0.939653090762905,-0.8524206144111426
0.949096513388229,-0.8502058990361259
0.9584919506981646,-0.8479471924695483
0.9678389350879079,-0.8456449187765931
0.9771370292119451,-0.8432995048459299
0.9863858256107325,-0.8409113800930464
0.9955849463079491,-0.8384809761695337
0.9955849463079491,-0.8384809761695337
0.9844509039353265,-0.8391361971099537
0.9733013669562558,-0.8397297050014499
0.962137833631659,-0.8402613443453466
0.950961816809271,-0.8407309754285565
0.9397748424033765,-0.8411384744990892
0.9285784478415329,-0.841483733922235
0.9173741804820396,-0.8417666623169637
0.9061635960060495,-0.8419871846721325
0.894948256788339,-0.8421452424421539
0.894948256788339,-0.8421452424421539
0.9026824381562759,-0.8524836787161242
0.910601494217804,-0.8627917661388063
0.918713289278978,-0.8730681182649056
0.9270260787616033,-0.8833112710523735
0.9355485307950758,-0.8935196776599099
0.9442897488636309,-0.9036917028609165
0.9532592955145763,-0.9138256170451761
0.9624672171208201,-0.9239195897777496
0.9719240696755488,-0.9339716828827981
0.9719240696755488,-0.9339716828827981
0.9603950982120847,-0.9289248565131973
0.9490217246087699,-0.923815149167424
0.9378020809660599,-0.9186440666293064
0.9267342388586313,-0.9134130854238804
0.9158162165068487,-0.9081236526132593
0.9050459855564003,-0.9027771856738059
0.8944214774718398,-0.897375072448201
0.8839405895515281,-0.8919186711662448
0.8736011905729522,-0.8864093105285027
0.8736011905729522,-0.8864093105285027
0.8712477022472944,-0.8910296316409345
0.8688671607850593,-0.8956472137431596
0.8664590104112191,-0.9002619988892173
0.8640226810340987,-0.9048739275760116
0.8615575877942845,-0.909482938691415
0.8590631305972454,-0.9140889694603488
0.8565386936290188,-0.918691955388747
0.8539836448542856,-0.923291830205311
0.8513973354961374,-0.9278885258009552
0.8513973354961374,-0.9278885258009552
0.8513106592736216,-0.9351418431018819
0.8512222618974666,-0.9423951567423581
0.8511320820045423,-0.9496484665918783
0.8510400553489298,-0.956901772513806
0.8509461146293981,-0.9641550743650065
0.8508501893043561,-0.9714083719954528
0.8507522053932113,-0.9786616652478048
0.8506520852629512,-0.9859149539569537
0.8505497473986513,-0.9931682379495347
0.8505497473986513,-0.9931682379495347
0.8510968735716931,-0.9975314112787739
0.8516514454838658,-1.0018944463481017
0.8522136374718885,-1.0062573399157229
0.8527836292684218,-1.0106200886393217
0.8533616062130436,-1.0149826890721232
0.8539477594731765,-1.0193451376587663
0.8545422862755196,-1.023707430730984
0.8551453901485742,-1.0280695645030717
0.8557572811768832,-1.03243153506714
0.8557572811768832,-1.03243153506714
0.8610608808378057,-1.023172036864238
0.866205729206715,-1.013900409271092
0.8711995059481991,-1.0046172537733564
0.8760494216894429,-0.9953231338910653
0.8807622524604265,-0.9860185780852091
0.8853443712377987,-0.9767040824064499
0.8898017768625756,-0.9673801129117522
0.8941401205746805,-0.9580471078718655
0.8983647303830519,-0.9487054797900943
0.8983647303830519,-0.9487054797900943
0.8831726458597697,-0.9558313626341887
0.8676733481027538,-0.9628462793602061
0.8518609981958961,-0.9697462851753877
0.835729981362337,-0.976527319138107
0.8192749508621137,-0.9831852054030238
0.8024908753276274,-0.9897156551998266
0.7853730895324021,-0.9961142696262736
0.7679173485353556,-1.0023765433387033
0.7501198850802187,-1.0084978692246296
0.7501198850802187,-1.0084978692246296
0.7451860856015857,-1.0109923026761316
0.7402129397072034,-1.0134756954894772
0.7352000917967292,-1.0159478979054548
0.730147186452082,-1.0184087581735193
0.7250538686167292,-1.0208581225380668
0.7199197837828396,-1.02329583522539
0.7147445781865097,-1.0257217384313555
0.7095278990112485,-1.0281356723098587
0.7042693945999255,-1.0305374749621041
0.7042693945999255,-1.0305374749621041
0.7306643816750219,-1.0320597127442248
0.7571804620070235,-1.033273669344241
0.7837908969494769,-1.034177234440177
0.8104682942365409,-1.034768824918795
0.8371847930443254,-1.0350473985025006
0.8639122571344527,-1.0350124628048056
0.8906224727939185,-1.0346640796314657
0.9172873481302267,-1.0340028644397712
0.9438791102366977,-1.033029980967016
0.9438791102366977,-1.033029980967016
0.9206173514155415,-1.0342314388217828
0.8972707999957368,-1.035194256902745
0.8738578462607337,-1.0359171355421053
0.8503972378973149,-1.036399092818922
0.8269079811694985,-1.0366394711229567
0.8034092386287809,-1.036637941583821
0.7799202247144642,-1.0363945062959987
0.7564601006507534,-1.0359094983046537
0.7330478700650557,-1.035183579352449
0.7330478700650557,-1.035183579352449
0.7709163566121833,-1.033345772772608
0.8085125384029684,-1.0308816041340678
0.8457624840126896,-1.0277996742158093
0.8825969283389117,-1.0241105225278135
0.9189520162522108,-1.0198264561986183
0.9547698808392828,-1.0149613585308181
0.9899990500407808,-1.0095304837265784
1.0245946838164164,-1.0035502442254423
1.0585186512117724,-0.9970379967172022
1.0585186512117724,-0.9970379967172022
0.9901976551563909,-1.0065877186333763
0.9200255202889601,-1.0139682361276936
0.8484308491004954,-1.0190915711714337
0.7759090280033497,-1.0218938871966488
0.7030014175544893,-1.0223392646312908
0.6302690871525362,-1.020421927757968
0.5582641091857358,-1.0161666097216568
0.4875019747569747,-1.00962700299542
0.41843843953629667,-1.0008825163677841
0.41843843953629667,-1.0008825163677841
0.46960016077508254,-1.0112117483256187
0.5223743208812385,-1.0203254210192652
0.576625663435728,-1.028161665074475
0.6321818732940309,-1.0346639357635126
0.68883481969562,-1.0397827922312473
0.7463439575927049,-1.0434776050689611
0.8044419289321831,-1.045718067824098
0.862842151855899,-1.0464853890949342
0.9212479252999709,-1.0457730597366939
0.9212479252999709,-1.0457730597366939
0.8597046312297962,-1.0543569064232694
0.7964598925630709,-1.0612675281895618
0.7318339360393582,-1.0664356486850424
0.6662010932844206,-1.0698069730178685
0.5999776189378764,-1.0713448775135164
0.533605353515605,-1.0710323287936445
0.46753270040703754,-1.0688728053783862
0.4021948960367669,-1.0648901079726858
0.3379956908000492,-1.0591270821266254
0.3379956908000492,-1.0591270821266254
0.42277255748335546,-1.0597495864407622
0.507275390353947,-1.0573094561385465
0.5906041563085678,-1.0518501916980576
0.6719396667810094,-1.0434662196510591
0.7505917363916673,-1.032295147401865
0.8260279596762605,-1.0185074281457012
0.8978820376134645,-1.0022950878281967
0.965944841967389,-0.9838609871752625
1.0301437489208563,-0.9634096432178242
1.0301437489208563,-0.9634096432178242
1.0481550432349271,-0.9710678459174001
1.0665702001387576,-0.9785714983374768
1.0853962536195405,-0.9859145706156621
1.104639663835029,-0.9930908600440884
1.124306222277861,-1.0000939977124457
1.1444009506602433,-1.0069174571035946
1.1649279939751214,-1.0135545648270712
1.1858905083956308,-1.0199985136712413
1.2072905449057598,-1.0262423781450298
1.2072905449057598,-1.0262423781450298
1.2457616433440182,-1.0137540591452754
1.2826827635163671,-1.000628081219747
1.3180899917186055,-0.9869078841707056
1.3520284503777287,-0.9726348159822873
1.384549984422216,-0.9578479800326539
1.4157111579427701,-0.9425841581571835
1.4455715608985116,-0.9268777943533831
1.4741924097357624,-0.9107610253817275
1.5016354160524088,-0.8942637463136518
1.5016354160524088,-0.8942637463136518
1.5016354160524088,-0.8942637463136518
1.5016354160524088,-0.8942637463136518
1.5016354160524088,-0.8942637463136518
1.5016354160524088,-0.8942637463136518
1.5016354160524088,-0.8942637463136518
1.5016354160524088,-0.8942637463136518
1.5016354160524088,-0.8942637463136518
1.5016354160524088,-0.8942637463136518
1.5016354160524088,-0.8942637463136518
1.5016354160524088,-0.8942637463136518
1.5016354160524088,-0.8942637463136518
1.5016354160524088,-0.8942637463136518
1.5016354160524088,-0.8942637463136518
1.5016354160524088,-0.8942637463136518
1.5016354160524088,-0.8942637463136518
1.5016354160524088,-0.8942637463136518
1.5016354160524088,-0.8942637463136518
1.5016354160524088,-0.8942637463136518
1.5016354160524088,-0.8942637463136518
1.5016354160524088,-0.8942637463136518
1.5196586608838274,-0.8871512901419993
1.5373652234075117,-0.8798812480042066
1.5547586223644418,-0.8724586569475803
1.5718427956704093,-0.8648884475095207
1.5886220518476148,-0.857175438940661
1.6051010241170778,-0.8493243353989229
1.6212846272497623,-0.8413397230338544
1.6371780172259662,-0.8332260678818709
1.65278655371104,-0.8249877144952058
1.65278655371104,-0.8249877144952058
1.65278655371104,-0.8249877144952058
1.65278655371104,-0.8249877144952058
1.65278655371104,-0.8249877144952058
1.65278655371104,-0.8249877144952058
1.65278655371104,-0.8249877144952058
1.65278655371104,-0.8249877144952058
1.65278655371104,-0.8249877144952058
1.65278655371104,-0.8249877144952058
1.65278655371104,-0.8249877144952058
1.65278655371104,-0.8249877144952058
1.65278655371104,-0.8249877144952058
1.65278655371104,-0.8249877144952058
1.65278655371104,-0.8249877144952058
1.65278655371104,-0.8249877144952058
1.65278655371104,-0.8249877144952058
1.65278655371104,-0.8249877144952058
1.65278655371104,-0.8249877144952058
1.65278655371104,-0.8249877144952058
1.65278655371104,-0.8249877144952058
1.65278655371104,-0.8249877144952058
1.65278655371104,-0.8249877144952058
1.65278655371104,-0.8249877144952058
1.65278655371104,-0.8249877144952058
1.65278655371104,-0.8249877144952058
1.65278655371104,-0.8249877144952058
1.65278655371104,-0.8249877144952058
1.65278655371104,-0.8249877144952058
1.65278655371104,-0.8249877144952058
1.65278655371104,-0.8249877144952058
1.65278655371104,-0.8249877144952058
1.65278655371104,-0.8249877144952058
1.65278655371104,-0.8249877144952058
1.65278655371104,-0.8249877144952058
1.65278655371104,-0.8249877144952058
1.65278655371104,-0.8249877144952058
1.65278655371104,-0.8249877144952058
1.65278655371104,-0.8249877144952058
1.65278655371104,-0.8249877144952058
1.65278655371104,-0.8249877144952058
1.65278655371104,-0.8249877144952058
1.65278655371104,-0.8249877144952058
1.65278655371104,-0.8249877144952058
1.65278655371104,-0.8249877144952058
1.65278655371104,-0.8249877144952058
1.65278655371104,-0.8249877144952058
1.65278655371104,-0.8249877144952058
1.65278655371104,-0.8249877144952058
1.65278655371104,-0.8249877144952058
1.65278655371104,-0.8249877144952058
1.65278655371104,-0.8249877144952058
1.65278655371104,-0.8249877144952058
1.65278655371104,-0.8249877144952058
1.65278655371104,-0.8249877144952058
1.65278655371104,-0.8249877144952058
1.65278655371104,-0.8249877144952058
1.65278655371104,-0.8249877144952058
1.65278655371104,-0.8249877144952058
1.65278655371104,-0.8249877144952058
1.65278655371104,-0.8249877144952058
1.65278655371104,-0.8249877144952058
1.593806002042868,-0.8479697854629534
1.531778812068682,-0.8691096775872278
1.4667057511132617,-0.8882313404977754
1.3986647497333942,-0.9051564959500167
1.3278253533903457,-0.9197100601539402
1.2544593957610257,-0.9317267994043905
1.1789451439761138,-0.9410588776456107
1.1017624197040305,-0.9475836923909304
1.0234772172183695,-0.9512111732256858
1.0234772172183695,-0.9512111732256858
1.0621427349351487,-0.9456173253659172
1.100168385793007,-0.9393085929042242
1.1374999808188129,-0.9323064481395016
1.1740916542098583,-0.9246337469625258
1.2099058056377205,-0.9163144173505264
1.2449128648426706,-0.9073731605021221
1.2790909097794572,-0.8978351708901964
1.3124251711206816,-0.8877258798839236
1.344907455311852,-0.877070726016169
1.344907455311852,-0.877070726016169
1.353769461837097,-0.8718034426706078
1.3625171094158977,-0.8664955031160183
1.3711521696693758,-0.861147834870593
1.3796764136554611,-0.8557613447164142
1.3880916096188234,-0.8503369189772808
1.3963995209118745,-0.8448754238117587
1.404601904078657,-0.8393777055194908
1.41270050709354,-0.8338445908589303
1.4206970677467798,-0.8282768873747988
1.4206970677467798,-0.8282768873747988
1.4220719541015319,-0.8261562681107391
1.4234399253091574,-0.8240345327008781
1.4248010375427738,-0.8219116907108409
1.4261553464274972,-0.8197877516033917
1.4275029070465166,-0.8176627247397437
1.428843773947102,-0.8155366193808545
1.430178001146545,-0.8134094446887021
1.4315056421380328,-0.8112812097275399
1.432826749896454,-0.8091519234651376
1.432826749896454,-0.8091519234651376
1.4267431744208385,-0.8127055321844526
1.420612571030753,-0.8162394510275496
1.4144345209239704,-0.8197533943628778
1.408208608178714,-0.823247072873878
1.4019344201018273,-0.8267201935495425
1.3956115475904831,-0.830172459677379
1.389239585507658,-0.8336035708389111
1.382818133071584,-0.8370132229078582
1.3763467942593777,-0.8404011080511345
1.3763467942593777,-0.8404011080511345
1.372460975546227,-0.8391049844754348
1.3685860268854482,-0.8378018581512632
1.3647219461054794,-0.8364917682326011
1.3608687301665559,-0.8351747538081687
1.3570263751731304,-0.8338508538983594
1.353194876386286,-0.8325201074522395
1.3493742282361398,-0.8311825533446079
1.3455644243342297,-0.8298382303731214
1.3417654574858844,-0.8284871772554809
1.3417654574858844,-0.8284871772554809
1.3775629551673603,-0.8194565314652844
1.4126450723701447,-0.809788517662808
1.446993732644344,-0.7995079369310845
1.480596659276078,-0.7886398356349577
1.5134469402238346,-0.7772093016680096
1.5455425535970315,-0.7652412841696795
1.5768858721908985,-0.7527604371539676
1.6074831629899455,-0.7397909867090622
1.6373440947620843,-0.7263566208112111
1.6373440947620843,-0.7263566208112111
1.6315861335347956,-0.7237121587324539
1.6258535924675355,-0.7210531486891246
1.6201463502512068,-0.7183797420831668
1.6144642830842633,-0.715692089321655
1.6088072647691136,-0.7129903398081109
1.6031751668067502,-0.7102746419345034
1.5975678584895867,-0.7075451430739141
1.591985206992498,-0.7048019895738513
1.586427077462057,-0.702045326750193
1.586427077462057,-0.702045326750193
1.5766042754083978,-0.7093939794743782
1.5666528603708554,-0.7166909749183885
1.5565702455565198,-0.723934906969824
1.5463538297224713,-0.7311243324339232
1.536001000320853,-0.7382577703296759
1.5255091369641134,-0.7453337012129926
1.5148756152295217,-0.752350566531948
1.5040978108223404,-0.7593067680195528
1.493173104117223,-0.7662006671299391
1.493173104117223,-0.7662006671299391
1.5093923473732942,-0.75965497647148
1.5254065007574797,-0.752976173512666
1.5412168330789031,-0.7461676487587586
1.5568248500889936,-0.7392327486555622
1.5722322760189722,-0.7321747723420681
1.5874410356713782,-0.7249969688006553
1.6024532371278337,-0.7177025343844761
1.61727115512287,-0.710294610700995
1.6318972151222837,-0.7027762828303049
1.6318972151222837,-0.7027762828303049
1.6142558789754529,-0.7106621075487785
1.596373413739385,-0.718388727597486
1.5782478804709528,-0.7259514854475383
1.5598776946606185,-0.7333456603234151
1.5412616563799026,-0.74056647460134
1.522398981006043,-0.7476091010121045
1.5032893303085,-0.7544686706783081
1.483932843649184,-0.7611402820107145
1.4643301690149195,-0.7676190104820697
1.4643301690149195,-0.7676190104820697
1.478150985873356,-0.766336217454066
1.4919367615252557,-0.7649597901884244
1.5056852373874532,-0.7634902352708115
1.5193942080542293,-0.7619280898426349
1.53306152383082,-0.7602739207151086
1.5466850930877192,-0.758528323446684
1.5602628844316297,-0.7566919213872528
1.5737929286899608,-0.7547653646925715
1.5872733207067442,-0.7527493293123896
1.5872733207067442,-0.7527493293123896
1.5996641594887377,-0.7514472333987977
1.6120244058671787,-0.7500706080805978
1.6243525342435725,-0.7486198522245756
1.6366470548271632,-0.7470953833656183
1.6489065149013087,-0.7454976371732142
1.6611294999979178,-0.7438270669019114
1.6733146349787473,-0.7420841428273002
1.685460585022734,-0.74026935166908
1.6975660565189472,-0.7383831960027849
1.6975660565189472,-0.7383831960027849
1.695133446843751,-0.7369093161353096
1.6927069075361743,-0.7354328908477477
1.6902864141177791,-0.7339539351695842
1.6878719421079789,-0.7324724640546533
1.685463467025757,-0.7309884923813756
1.683060964391353,-0.7295020349530023
1.6806644097279198,-0.7280131064978594
1.6782737785631474,-0.7265217216695993
1.6758890464308602,-0.7250278950474519
1.6758890464308602,-0.7250278950474519
1.6499702144082498,-0.7286432400739538
1.6238933378749738,-0.7319316938593108
1.5976716727742482,-0.7348891104346805
1.5713191828022164,-0.737511706968134
1.544850484737281,-0.7397960851669152
1.5182807863785273,-0.7417392509632308
1.4916258175952821,-0.7433386322207932
1.4649017551352164,-0.7445920942186548
1.4381251419747596,-0.7454979526940329
1.4381251419747596,-0.7454979526940329
1.4492718540553287,-0.7425715532984936
1.4603579400927806,-0.7395830249353319
1.4713828385968255,-0.7365330742828927
1.4823460355730818,-0.7334224123880709
1.4932470637583033,-0.7302517540775191
1.5040855018037276,-0.7270218173838912
1.5148609734109533,-0.7237333229876977
1.5255731464247173,-0.7203869936752801
1.5362217318868385,-0.7169835538133295
1.5362217318868385,-0.7169835538133295
1.5508284416385043,-0.7080877230941236
1.5652071469257238,-0.6990826374347703
1.5793626568220587,-0.6899718448509435
1.59329982688114,-0.680758792548298
1.607023543665169,-0.671446828156839
1.6205387107096838,-0.662039201190045
1.6338502358460334,-0.6525390646971266
1.6469630198018521,-0.6429494770794324
1.6598819459997918,-0.6332734040445407
1.6598819459997918,-0.6332734040445407
1.654487913376855,-0.6354031064365502
1.6490769053211953,-0.6375187643963213
1.6436489068995694,-0.6396202717336231
1.6382039055073556,-0.6417075220554408
1.6327418909103448,-0.6437804087794134
1.627262855286519,-0.6458388251476289
1.6217667932677864,-0.6478826642407773
1.6162537019816496,-0.6499118189926606
1.6107235810927731,-0.6519261822050673
1.6107235810927731,-0.6519261822050673
1.5999072419631934,-0.6476514838956816
1.5891570289233643,-0.6433272507539942
1.5784726451428355,-0.6389542840606927
1.5678537650075524,-0.6345333800759755
1.5573000353667366,-0.6300653297690741
1.5468110767610088,-0.6255509185664934
1.5363864846299893,-0.6209909261184766
1.526025830497799,-0.6163861260831838
1.5157286631350533,-0.6117372859280513
1.5157286631350533,-0.6117372859280513
1.5342764067745116,-0.6080589837988111
1.5527281343923731,-0.6042226655514129
1.5710811817064807,-0.6002304652527468
1.5893330810061803,-0.5960845701746915
1.6074815610865516,-0.5917872163779596
1.6255245464977175,-0.5873406843470765
1.6434601561490632,-0.5827472946929254
1.6612867013105561,-0.5780094039379727
1.6790026830551528,-0.573129400397928
1.6790026830551528,-0.573129400397928
1.6392906108274334,-0.5814160256547517
1.5991681639851143,-0.5889910894515095
1.5586625965909506,-0.5958352703519926
1.517804837641167,-0.6019306281925472
1.4766293353480684,-0.6072607855681914
1.4351738305323323,-0.6118111020697055
1.3934790592462827,-0.6155688370536276
1.351588387388378,-0.6185232967429298
1.3095473828180366,-0.6206659616515053
1.3095473828180366,-0.6206659616515053
1.3394626816660142,-0.6103047509537604
1.3689326514440836,-0.599517747494554
1.397956834602199,-0.5883206368038492
1.4265365932392389,-0.5767290193500645
1.4546749579425235,-0.5647583556373416
1.482376476652868,-0.5524239183464587
1.5096470659329828,-0.5397407512656952
1.5364938665998407,-0.526723634676822
1.562925105284698,-0.5133870568017933
1.562925105284698,-0.5133870568017933
1.5240991623537905,-0.4860330655629357
1.4862689507049873,-0.45820459642248484
1.449350626559925,-0.42995280498241867
1.4132624583043099,-0.40132563321116316
1.3779250815764508,-0.37236810883342647
1.3432616241717734,-0.34312264135672627
1.3091977299004867,-0.31362931060380417
1.2756615054486995,-0.2839261451948294
1.2425834098092752,-0.2540493896166624
1.2425834098092752,-0.2540493896166624
1.231592949583716,-0.2257609789307822
1.220653827826686,-0.19747989905301833
1.2097477509769556,-0.1692095018419274
1.198856884301104,-0.1409531248248853
1.1879637355890056,-0.11271411245129331
1.1770510450272595,-0.08449583686348104
1.166101679815779,-0.05630171845726779
1.1550985322160932,-0.028135246491640734
1.144024419816609,1.1102230246251501e-16
1.144024419816609,1.1102230246251501e-16
1.144024419816609,1.1102230246251501e-16
1.144024419816609,1.1102230246251501e-16
1.144024419816609,1.1102230246251501e-16
1.144024419816609,1.1102230246251501e-16
1.144024419816609,1.1102230246251501e-16
1.144024419816609,1.1102230246251501e-16
1.144024419816609,1.1102230246251501e-16
1.144024419816609,1.1102230246251501e-16
1.144024419816609,1.1102230246251501e-16
1.144024419816609,1.1102230246251501e-16
1.144024419816609,1.1102230246251501e-16
1.144024419816609,1.1102230246251501e-16
1.144024419816609,1.1102230246251501e-16
1.144024419816609,1.1102230246251501e-16
1.144024419816609,1.1102230246251501e-16
1.144024419816609,1.1102230246251501e-16
1.144024419816609,1.1102230246251501e-16
1.144024419816609,1.1102230246251501e-16
1.144024419816609,1.1102230246251501e-16
